INSERT INTO Account (Account_ID, Username, BankName, BankAccountNumber, Password, Address, Gender, Phone_Number, Email, Profile_Picture)
VALUES
 (1, 'Thanh Khiem', 'BIDV', '123456', 'password1', '123 Le Loi', 'Male', '0901998998', 'thanhkhiem14@gmail.com', 'profile_pic1.jpg'),
 (2, 'Quang Anh', 'VIETCOMBANK', '654321', 'password2', '45 Tan Lap', 'Male', '0913474747', 'anhden123@gmail.com', 'profile_pic2.jpg'),
 (3, 'Huu Khanh', 'MBBANK', '399999', 'password3', '67 Hung Vuong', 'Female', '0982123456', 'khanhdaklak1@gmail.com', 'profile_pic3.jpg'),
 (4, 'Anh Khoa', 'TECHCOMBANK', '141414', 'password4', '89 Ly Thuong Kiet', 'Female', '0979999999', 'anhkhoacute123@gmail.com', 'profile_pic4.jpg'),
 (5, 'Minh Tri', 'AGRIBANK', '277777', 'password5', '10 Tran Phu', 'Male', '0911311313', 'minhtrivippro1@gmail.com', 'profile_pic5.jpg'),
 (6, 'Hai Quang', 'BIDV', '456789', 'password6', '13 Quang Trung', 'Male', '0901777666', 'haiquangtkqn@gmail.com', 'profile_pic6.jpg'),
 (7, 'Thanh Vu', 'TPBANK', '678910', 'password7', '4 Song Hanh', 'Male', '0987456321', 'thanhvudeptrai@gmail.com', 'profile_pic7.jpg'),
 (8, 'Nguyen Vi', 'MBBANK', '488888', 'password8', '100 Tran Phu', 'Female', '0899883775', 'nguyenvi123@gmail.com', 'profile_pic8.jpg'),
 (9, 'Ngoc Trinh', 'VIETCOMBANK', '111111', 'password9', '99 Le Loi', 'Female', '0988343434', 'ngoctrinh3@gmail.com', 'profile_pic9.jpg'),
 (10, 'Thuy Tien', 'AGRIBANK', '345345', 'password10', '1 Le Van Viet', 'Female', '0913567567', 'hhthuytien@gmail.com', 'profile_pic10.jpg'),
 (11, 'John', 'BIDV', '1223456', 'password11', '1 Le Loi', 'Male', '1231231231', 'username11@gmail.com', 'profile_pic11.jpg'),
 (12, 'Terry', 'VIETCOMBANK', '4654321', 'password12', '4 Tan Lap', 'Male', '097777777', 'username12@gmail.com', 'profile_pic12.jpg'),
 (13, 'Ronaldo', 'MBBANK', '3499999', 'password13', '6 Hung Vuong', 'Female', '0981231234', 'username13@gmail.com', 'profile_pic13.jpg'),
 (14, 'Messi', 'TECHCOMBANK', '1141414', 'password14', '9 Ly Thuong Kiet', 'Female', '0999999999', 'username14@gmail.com', 'profile_pic14.jpg'),
 (15, 'Bale', 'AGRIBANK', '2777777', 'password15', '12 Tran Phu', 'Male', '0911311414', 'username15@gmail.com', 'profile_pic15.jpg'),
 (16, 'Long', 'BIDV', '4567899', 'password16', '1 Quang Trung', 'Male', '0901777999', 'username16@gmail.com', 'profile_pic16.jpg'),
 (17, 'Thanh', 'TPBANK', '6789102', 'password17', '40 Song Hanh', 'Male', '0987452311', 'username17@gmail.com', 'profile_pic17.jpg'),
 (18, 'Nguyen', 'MBBANK', '4888888', 'password18', '120 Tran Phu', 'Female', '0899865775', 'username18@gmail.com', 'profile_pic18.jpg'),
 (19, 'Ngoc', 'VIETCOMBANK', '1111111', 'password19', '9 Le Loi', 'Female', '0988345656', 'username19@gmail.com', 'profile_pic19.jpg'),
 (20, 'Thuy', 'AGRIBANK', '3453451', 'password20', '6 Le Van Viet', 'Female', '0913561234', 'username20@gmail.com', 'profile_pic20.jpg'),
 (21, 'David', 'BIDV', '666555', 'password21', '1 Le Lai', 'Male', '1231234441', 'username21@gmail.com', 'profile_pic21.jpg'),
 (22, 'Na', 'VIETCOMBANK', '33456456', 'password22', '4 Tan Hoa', 'Male', '097777788', 'username22@gmail.com', 'profile_pic22.jpg'),
 (23, 'Phuong', 'MBBANK', '343499999', 'password23', '6 Dong Nai', 'Female', '0981231165', 'username23@gmail.com', 'profile_pic23.jpg'),
 (24, 'Antony', 'TECHCOMBANK', '2241414', 'password24', '90 Ly Thuong Kiet', 'Female', '0889999999', 'username24@gmail.com', 'profile_pic24.jpg'),
 (25, 'Neymar', 'AGRIBANK', '2337777', 'password25', '19 Tran Phu', 'Male', '0911611414', 'username25@gmail.com', 'profile_pic25.jpg'),
 (26, 'Cong', 'BIDV', '4568899', 'password26', '23 Quang Trung', 'Male', '0901777989', 'username26@gmail.com', 'profile_pic26.jpg'),
 (27, 'Hung', 'TPBANK', '56789102', 'password27', '50 Song Hanh', 'Male', '0987452321', 'username27@gmail.com', 'profile_pic27.jpg'),
 (28, 'Bach', 'MBBANK', '88888899', 'password28', '110 Tran Phu', 'Female', '0899865275', 'username28@gmail.com', 'profile_pic28.jpg'),
 (29, 'Bao', 'VIETCOMBANK', '01111111', 'password29', '59 Le Loi', 'Female', '0988345636', 'username29@gmail.com', 'profile_pic29.jpg'),
 (30, 'Bin', 'AGRIBANK', '23453451', 'password30', '66 Le Van Viet', 'Female', '0913561334', 'username30@gmail.com', 'profile_pic30.jpg'),
 (31, 'John_Doe', 'BIDV', '122345336', 'password11', '1 Le Loi', 'Male', '1231231231', 'username31@gmail.com', 'profile_pic31.jpg'),
 (32, 'Jane_Smith', 'VIETCOMBANK', '433654321', 'password12', '4 Tan Lap', 'Male', '097777777', 'username32@gmail.com', 'profile_pic32.jpg'),
 (33, 'Sam_Jones', 'MBBANK', '349999933', 'password13', '6 Hung Vuong', 'Female', '0981231234', 'username33@gmail.com', 'profile_pic33.jpg'),
 (34, 'Sarah_wilson', 'TECHCOMBANK', '44141414', 'password14', '9 Ly Thuong Kiet', 'Female', '0999999999', 'username34@gmail.com', 'profile_pic34.jpg'),
 (35, 'Mike', 'AGRIBANK', '277777447', 'password15', '12 Tran Phu', 'Male', '0911311414', 'username35@gmail.com', 'profile_pic35.jpg'),
 (36, 'Emily', 'BIDV', '456789955', 'password16', '1 Quang Trung', 'Male', '0901777999', 'username36@gmail.com', 'profile_pic36.jpg'),
 (37, 'Brown', 'TPBANK', '678910266', 'password17', '40 Song Hanh', 'Male', '0987452311', 'username37@gmail.com', 'profile_pic37.jpg'),
 (38, 'Red', 'MBBANK', '488438888', 'password18', '120 Tran Phu', 'Female', '0899865775', 'username38@gmail.com', 'profile_pic38.jpg'),
 (39, 'Bang', 'VIETCOMBANK', '231111111', 'password19', '9 Le Loi', 'Female', '0988345656', 'username39@gmail.com', 'profile_pic39.jpg'),
 (40, 'Tom', 'AGRIBANK', '345345341', 'password20', '6 Le Van Viet', 'Female', '0913561234', 'username40@gmail.com', 'profile_pic40.jpg'),
 (41, 'Jerry', 'BIDV', '666555465', 'password21', '1 Le Lai', 'Male', '1231234441', 'username41@gmail.com', 'profile_pic41.jpg'),
 (42, 'Lee', 'VIETCOMBANK', '33457896456', 'password22', '4 Tan Hoa', 'Male', '097777788', 'username42@gmail.com', 'profile_pic42.jpg'),
 (43, 'Gwen', 'MBBANK', '3434999909', 'password23', '6 Dong Nai', 'Female', '0981231165', 'username43@gmail.com', 'profile_pic43.jpg'),
 (44, 'Lux', 'TECHCOMBANK', '22414014', 'password24', '90 Ly Thuong Kiet', 'Female', '0889999999', 'username44@gmail.com', 'profile_pic44.jpg'),
 (45, 'Hwei', 'AGRIBANK', '23377770', 'password25', '19 Tran Phu', 'Male', '0911611414', 'username45@gmail.com', 'profile_pic45.jpg'),
 (46, 'Amumu', 'BIDV', '45688990', 'password26', '23 Quang Trung', 'Male', '0901777989', 'username46@gmail.com', 'profile_pic46.jpg'),
 (47, 'Braum', 'TPBANK', '567891002', 'password27', '50 Song Hanh', 'Male', '0987452321', 'username47@gmail.com', 'profile_pic47.jpg'),
 (48, 'Lu Bo', 'MBBANK', '888888909', 'password28', '110 Tran Phu', 'Female', '0899865275', 'username48@gmail.com', 'profile_pic48.jpg'),
 (49, 'Trieu Van', 'VIETCOMBANK', '001111111', 'password29', '59 Le Loi', 'Female', '0988345636', 'username49@gmail.com', 'profile_pic49.jpg'),
 (50, 'Bean', 'AGRIBANK', '234534510', 'password30', '66 Le Van Viet', 'Female', '0913561334', 'username50@gmail.com', 'profile_pic50.jpg'),
 (51, 'Peanut', 'AGRIBANK', '234534501', 'password30', '66 Le Van Viet', 'Female', '0913561334', 'username51@gmail.com', 'profile_pic51.jpg'),
 (52, 'Faker', 'BIDV', '12234056', 'password11', '1 Le Loi', 'Male', '1231231231', 'username52@gmail.com', 'profile_pic52.jpg'),
 (33, 'Tlong', 'VIETCOMBANK', '40654321', 'password12', '4 Tan Lap', 'Male', '097777777', 'username53@gmail.com', 'profile_pic53.jpg'),
 (54, 'Rakan', 'MBBANK', '34999909', 'password13', '6 Hung Vuong', 'Female', '0981231234', 'username54@gmail.com', 'profile_pic54.jpg'),
 (55, 'Xayah', 'TECHCOMBANK', '11041414', 'password14', '9 Ly Thuong Kiet', 'Female', '0999999999', 'username55@gmail.com', 'profile_pic55.jpg'),
 (56, 'Blue', 'AGRIBANK', '27777707', 'password15', '12 Tran Phu', 'Male', '0911311414', 'username56@gmail.com', 'profile_pic56.jpg'),
 (57, 'White', 'BIDV', '45678909', 'password16', '1 Quang Trung', 'Male', '0901777999', 'username57@gmail.com', 'profile_pic57.jpg'),
 (58, 'Amanda', 'TPBANK', '67890102', 'password17', '40 Song Hanh', 'Male', '0987452311', 'username58@gmail.com', 'profile_pic58.jpg'),
 (59, 'Gun', 'MBBANK', '48888880', 'password18', '120 Tran Phu', 'Female', '0899865775', 'username59@gmail.com', 'profile_pic59.jpg'),
 (60, 'Goo', 'VIETCOMBANK', '11101111', 'password19', '9 Le Loi', 'Female', '0988345656', 'username60@gmail.com', 'profile_pic60.jpg'),
 (61, 'Daniel', 'AGRIBANK', '34530451', 'password20', '6 Le Van Viet', 'Female', '0913561234', 'username61@gmail.com', 'profile_pic61.jpg'),
 (62, 'Vasko', 'BIDV', '6665550', 'password21', '1 Le Lai', 'Male', '1231234441', 'username62@gmail.com', 'profile_pic62.jpg'),
 (63, 'DG', 'VIETCOMBANK', '334056456', 'password22', '4 Tan Hoa', 'Male', '097777788', 'username63@gmail.com', 'profile_pic63.jpg'),
 (64, 'Yan', 'MBBANK', '3434999909', 'password23', '6 Dong Nai', 'Female', '0981231165', 'username64@gmail.com', 'profile_pic64.jpg'),
 (65, 'Poo', 'TECHCOMBANK', '22410414', 'password24', '90 Ly Thuong Kiet', 'Female', '0889999999', 'username65@gmail.com', 'profile_pic65.jpg'),
 (66, 'Khan', 'AGRIBANK', '23377707', 'password25', '19 Tran Phu', 'Male', '0911611414', 'username66@gmail.com', 'profile_pic66.jpg'),
 (67, 'Thal', 'BIDV', '45688990', 'password26', '23 Quang Trung', 'Male', '0901777989', 'username67@gmail.com', 'profile_pic67.jpg'),
 (68, 'Dim', 'TPBANK', '567891002', 'password27', '50 Song Hanh', 'Male', '0987452321', 'username68@gmail.com', 'profile_pic68.jpg'),
 (69, 'Sum', 'MBBANK', '888888909', 'password28', '110 Tran Phu', 'Female', '0899865275', 'username69@gmail.com', 'profile_pic69.jpg'),
 (70, 'Banh', 'VIETCOMBANK', '010111111', 'password29', '59 Le Loi', 'Female', '0988345636', 'username70@gmail.com', 'profile_pic70.jpg'),
 (71, 'Kha', 'AGRIBANK', '234534501', 'password30', '66 Le Van Viet', 'Female', '0913561334', 'username71@gmail.com', 'profile_pic71.jpg'),
 
 
 

INSERT INTO Category (Category_ID, Category_Name)
VALUES
   (1, 'Electronics'),
   (2, 'Clothing'),
   (3, 'Books'),
   (4, 'Home & Garden'),
   (5, 'Sports & Outdoors'),
   (6, 'Beauty & Health'),
   (7, 'Food & Drink'); 

INSERT INTO Seller (Seller_ID, Account_ID, Seller_Description, Seller_Ratings)
VALUES
   (1, 6, 'Experienced seller specializing in smartphones', 4.7),
   (2, 7, 'Fashion store with a focus on denim jeans',  4.5),
   (3, 8, 'Bookstore offering a wide range of literary works',  4.8),
   (4, 9, 'Home and decor shop providing quality products', 4.2),
   (5, 10, 'Outdoor equipment supplier for camping enthusiasts', 4.6),
   (6, 20, 'Curated Premium Beauty and Health Products for Your Wellness', 4.1),
   (7, 21, 'Curated Premium Food and Drink Products for Your Enjoyment',  4.0),
   (8, 22, 'Bookstore offering a wide range of literary works',  4.9),
   (9, 23, 'Home and decor shop providing quality products', 4.5),
   (10, 24, 'Outdoor equipment supplier for camping enthusiasts', 3.7),
 

INSERT INTO Customer (Customer_ID, Account_ID)
VALUES
   (1, 1),
   (2, 2),
   (3, 3),
   (4, 4),
   (5, 5); 

INSERT INTO Product (Product_ID, Category_ID, Seller_ID, Customer_ID, Product_Name, Product_Description, Price, Product_Category, Product_Quantity, Product_Sold, Product_Status, Product_Ratings)
VALUES
   (1, 1, 6, 1, 'Smartphone', 'High-end smartphone with advanced features', 799.99, 'Electronics', 50, 20, 'In Stock', 4.5),
   (2, 2, 7, 2, 'Denim Jeans', 'Classic blue denim jeans for everyday wear', 49.99, 'Clothing', 100, 50, 'In Stock', 4.0),
   (3, 3, 8, 3, 'The Great Gatsby', 'Classic novel by F. Scott Fitzgerald', 12.99, 'Books', 75, 30, 'In Stock', 4.8),
   (4, 4, 9, 4, 'Home Decor Set', 'Decorative items for home interior', 149.99, 'Home & Garden', 30, 10, 'In Stock', 4.2),
   (5, 5, 10, 5, 'Outdoor Camping Tent', 'Spacious tent for outdoor camping adventures', 199.99, 'Sports & Outdoors', 20, 5, 'In Stock', 4.6); 

INSERT INTO Cart (Cart_ID, Customer_ID, Create_at, Update_at)
VALUES 
   (1, 1, '2023-11-10 14:00:00', '2023-11-10 14:30:00'),
   (2, 2, '2023-11-11 15:00:00', '2023-11-11 15:30:00'),
   (3, 3, '2023-11-12 16:00:00', '2023-11-12 16:30:00'),
   (4, 4, '2023-11-13 17:00:00', '2023-11-13 17:30:00'),
   (5, 5, '2023-11-14 18:00:00', '2023-11-14 18:30:00');

INSERT INTO CartItem (Cart_Item_ID, Cart_ID, Product_ID, Cart_Item_Quantity, Cart_Item_Price, Create_at, Update_at)
VALUES
   (1, 1, 1, 1, 799.99, '2023-11-10 14:00:00', '2023-11-10 14:30:00'),
   (2, 2, 2, 2, 99.98, '2023-11-11 15:00:00', '2023-11-11 15:30:00'),
   (3, 3, 3, 3, 38.97, '2023-11-12 16:00:00', '2023-11-12 16:30:00'),
   (4, 4, 4, 2, 299.98, '2023-11-13 17:00:00', '2023-11-13 17:30:00'),
   (5, 5, 5, 4, 799.96, '2023-11-14 18:00:00', '2023-11-14 18:30:00');

INSERT INTO Order (Order_ID, Customer_ID, Total_Order_Value, Order_Date, Order_Status, Shipping_Fee, Order_Purchase_TimeStamp, Order_Canceled, Order_Delivered_Carrier_Date, Order_Delivered_Customer_Date, Order_Estimated_Customer_Date)
VALUES
   (1, 1, 799.99, '2023-11-10', 'Processing', 5.00, '2023-11-10 12:30:00', Null, '2023-11-11 11:30:00', '2023-11-13 12:30:00', '2023-11-13 12:30:00'),
   (2, 2, 99.98, '2023-11-11', 'Shipped', 7.50, '2023-11-11 13:30:00', Null, '2023-11-12 14:00:00', '2023-11-13 14:15:00', '2023-11-13 11:30:00'),
   (3, 3, 38.97, '2023-11-12', 'Delivered', 10.00, '2023-11-12 14:30:00', Null, '2023-11-13 15:00:00', '2023-11-16 15:15:00', '2023-11-16 15:30:00'),
   (4, 4, 299.98, '2023-11-13', 'Processing', 15.00, '2023-11-13 15:30:00', Null, '2023-11-14 16:00:00', '2023-11-17 16:15:00', '2023-11-17 16:30:00'),
   (5, 5, 799.96, '2023-11-14', 'Delivered', 8.00, '2023-11-14 16:30:00', Null, '2023-11-15 17:00:00', '2023-11-17 17:15:00', '2023-11-19 17:30:00');

INSERT INTO Order_Items (Order_Item_ID, Order_ID, Product_ID, Product_Name, Price, Product_Quantity)
VALUES
   (1, 1, 1, 'Smartphone', 799.99, 1),
   (2, 2, 2, 'Denim Jeans', 49.99, 2),
   (3, 3, 3, 'The Great Gatsby', 12.99, 3),
   (4, 4, 4, 'Home Decor Set', 149.99, 2),
   (5, 5, 5, 'Outdoor Camping Tent', 199.99, 4);

INSERT INTO Payments (Payment_ID, Order_ID, Payment_Sequential, Payment_Type, Payment_Installments, Payment_Value)
VALUES
   (1, 1, 1, 'Banking', 3, 799.99),
   (2, 2, 1, 'Cash', 1, 99.98),
   (3, 3, 1, 'Banking', 2, 38.97),
   (4, 4, 1, 'Banking', 4, 299.98),
   (5, 5, 1, 'Banking', 2, 799.96);

INSERT INTO Order_Review (Review_ID, Order_ID, Review_Score, Review_Comment_Title, Review_Comment_Message, Review_Creation_Date, Review_Answer_Timestamp)
VALUES
   (1, 1, 4, 'Great Experience', 'The order was processed quickly, and the product is fantastic!', '2023-11-14 12:45:00', '2023-11-14 13:00:00'),
   (2, 2, 5, 'Excellent Service', 'Smooth transaction and fast shipping. Highly recommended!', '2023-11-15 13:15:00', '2023-11-15 13:30:00'),
   (3, 3, 4, 'Good Bookstore', 'The bookstore has a great selection of books. I am satisfied with my purchase.', '2023-11-17 14:00:00', '2023-11-17 14:15:00'),
   (4, 4, 3, 'Product Quality Concerns', 'The product received did not meet my expectations. Quality needs improvement.', '2023-11-18 15:00:00', '2023-11-18 18:00:00'),
   (5, 5, 5, 'Awesome Outdoor Gear', 'I love the camping gear! It arrived on time, and the quality is outstanding.', '2023-11-18 15:30:00', '2023-11-18 15:45:00');

INSERT INTO History (History_ID, Customer_ID, Seller_ID, Order_ID, TimeStamp, Product_Name)
VALUES
   (1, 1, 1, 1, '2023-11-10 14:30:00', 'Smartphone'),
   (2, 2, 2, 2, '2023-11-11 15:30:00', 'Denim Jeans'),
   (3, 3, 3, 3, '2023-11-12 16:30:00', 'The Great Gatsby'),
   (4, 4, 4, 4, '2023-11-13 17:30:00', 'Home Decor Set'),
   (5, 5, 5, 5, '2023-11-14 18:30:00', 'Outdoor Camping Tent'); 








