INSERT INTO Account (Account_ID, Username, BankName, BankAccountNumber, Password, Address, Gender, Phone_Number, Email, Profile_Picture)
VALUES
 (1, 'Thanh Khiem', 'BIDV', '123456', 'password1', '123 Le Loi', 'Male', '0901998998', 'thanhkhiem14@gmail.com', 'profile_pic1.jpg'),
 (2, 'Quang Anh', 'VIETCOMBANK', '654321', 'password2', '45 Tan Lap', 'Male', '0913474747', 'anhden123@gmail.com', 'profile_pic2.jpg'),
 (3, 'Huu Khanh', 'MBBANK', '399999', 'password3', '67 Hung Vuong', 'Female', '0982123456', 'khanhdaklak1@gmail.com', 'profile_pic3.jpg'),
 (4, 'Anh Khoa', 'TECHCOMBANK', '141414', 'password4', '89 Ly Thuong Kiet', 'Female', '0979999999', 'anhkhoacute123@gmail.com', 'profile_pic4.jpg'),
 (5, 'Minh Tri', 'AGRIBANK', '277777', 'password5', '10 Tran Phu', 'Male', '0911311313', 'minhtrivippro1@gmail.com', 'profile_pic5.jpg'),
 (6, 'Hai Quang', 'BIDV', '456789', 'password6', '13 Quang Trung', 'Male', '0901777666', 'haiquangtkqn@gmail.com', 'profile_pic6.jpg'),
 (7, 'Thanh Vu', 'TPBANK', '678910', 'password7', '4 Song Hanh', 'Male', '0987456321', 'thanhvudeptrai@gmail.com', 'profile_pic7.jpg'),
 (8, 'Nguyen Vi', 'MBBANK', '488888', 'password8', '100 Tran Phu', 'Female', '0899883775', 'nguyenvi123@gmail.com', 'profile_pic8.jpg'),
 (9, 'Ngoc Trinh', 'VIETCOMBANK', '111111', 'password9', '99 Le Loi', 'Female', '0988343434', 'ngoctrinh3@gmail.com', 'profile_pic9.jpg'),
 (10, 'Thuy Tien', 'AGRIBANK', '345345', 'password10', '1 Le Van Viet', 'Female', '0913567567', 'hhthuytien@gmail.com', 'profile_pic10.jpg'),
 (11, 'John', 'BIDV', '1223456', 'password11', '1 Le Loi', 'Male', '1231231231', 'username11@gmail.com', 'profile_pic11.jpg'),
 (12, 'Terry', 'VIETCOMBANK', '4654321', 'password12', '4 Tan Lap', 'Male', '097777777', 'username12@gmail.com', 'profile_pic12.jpg'),
 (13, 'Ronaldo', 'MBBANK', '3499999', 'password13', '6 Hung Vuong', 'Female', '0981231234', 'username13@gmail.com', 'profile_pic13.jpg'),
 (14, 'Messi', 'TECHCOMBANK', '1141414', 'password14', '9 Ly Thuong Kiet', 'Female', '0999999999', 'username14@gmail.com', 'profile_pic14.jpg'),
 (15, 'Bale', 'AGRIBANK', '2777777', 'password15', '12 Tran Phu', 'Male', '0911311414', 'username15@gmail.com', 'profile_pic15.jpg'),
 (16, 'Long', 'BIDV', '4567899', 'password16', '1 Quang Trung', 'Male', '0901777999', 'username16@gmail.com', 'profile_pic16.jpg'),
 (17, 'Thanh', 'TPBANK', '6789102', 'password17', '40 Song Hanh', 'Male', '0987452311', 'username17@gmail.com', 'profile_pic17.jpg'),
 (18, 'Nguyen', 'MBBANK', '4888888', 'password18', '120 Tran Phu', 'Female', '0899865775', 'username18@gmail.com', 'profile_pic18.jpg'),
 (19, 'Ngoc', 'VIETCOMBANK', '1111111', 'password19', '9 Le Loi', 'Female', '0988345656', 'username19@gmail.com', 'profile_pic19.jpg'),
 (20, 'Thuy', 'AGRIBANK', '3453451', 'password20', '6 Le Van Viet', 'Female', '0913561234', 'username20@gmail.com', 'profile_pic20.jpg'),
 (21, 'David', 'BIDV', '666555', 'password21', '1 Le Lai', 'Male', '1231234441', 'username21@gmail.com', 'profile_pic21.jpg'),
 (22, 'Na', 'VIETCOMBANK', '33456456', 'password22', '4 Tan Hoa', 'Male', '097777788', 'username22@gmail.com', 'profile_pic22.jpg'),
 (23, 'Phuong', 'MBBANK', '343499999', 'password23', '6 Dong Nai', 'Female', '0981231165', 'username23@gmail.com', 'profile_pic23.jpg'),
 (24, 'Antony', 'TECHCOMBANK', '2241414', 'password24', '90 Ly Thuong Kiet', 'Female', '0889999999', 'username24@gmail.com', 'profile_pic24.jpg'),
 (25, 'Neymar', 'AGRIBANK', '2337777', 'password25', '19 Tran Phu', 'Male', '0911611414', 'username25@gmail.com', 'profile_pic25.jpg'),
 (26, 'Cong', 'BIDV', '4568899', 'password26', '23 Quang Trung', 'Male', '0901777922', 'username26@gmail.com', 'profile_pic26.jpg'),
 (27, 'Hung', 'TPBANK', '56789102', 'password27', '50 Song Hanh', 'Male', '0987452221', 'username27@gmail.com', 'profile_pic27.jpg'),
 (28, 'Bach', 'MBBANK', '88888899', 'password28', '110 Tran Phu', 'Female', '0899862275', 'username28@gmail.com', 'profile_pic28.jpg'),
 (29, 'Bao', 'VIETCOMBANK', '01111111', 'password29', '59 Le Loi', 'Female', '0988325636', 'username29@gmail.com', 'profile_pic29.jpg'),
 (30, 'Bin', 'AGRIBANK', '23453451', 'password30', '66 Le Van Viet', 'Female', '0912561334', 'username30@gmail.com', 'profile_pic30.jpg'),
 (31, 'John_Doe', 'BIDV', '122345336', 'password31', '1 Le Loi', 'Male', '1231231232', 'username31@gmail.com', 'profile_pic31.jpg'),
 (32, 'Jane_Smith', 'VIETCOMBANK', '433654321', 'password32', '4 Tan Lap', 'Male', '097777727', 'username32@gmail.com', 'profile_pic32.jpg'),
 (33, 'Sam_Jones', 'MBBANK', '349999933', 'password33', '6 Hung Vuong', 'Female', '0981231232', 'username33@gmail.com', 'profile_pic33.jpg'),
 (34, 'Sarah_wilson', 'TECHCOMBANK', '44141414', 'password34', '9 Ly Thuong Kiet', 'Female', '0229999999', 'username34@gmail.com', 'profile_pic34.jpg'),
 (35, 'Mike', 'AGRIBANK', '277777447', 'password35', '12 Tran Phu', 'Male', '0911211414', 'username35@gmail.com', 'profile_pic35.jpg'),
 (36, 'Emily', 'BIDV', '456789955', 'password36', '1 Quang Trung', 'Male', '0901727999', 'username36@gmail.com', 'profile_pic36.jpg'),
 (37, 'Brown', 'TPBANK', '678910266', 'password37', '40 Song Hanh', 'Male', '0987252311', 'username37@gmail.com', 'profile_pic37.jpg'),
 (38, 'Red', 'MBBANK', '488438888', 'password38', '120 Tran Phu', 'Female', '0899265775', 'username38@gmail.com', 'profile_pic38.jpg'),
 (39, 'Bang', 'VIETCOMBANK', '231111111', 'password39', '9 Le Loi', 'Female', '0928345656', 'username39@gmail.com', 'profile_pic39.jpg'),
 (40, 'Tom', 'AGRIBANK', '345345341', 'password40', '6 Le Van Viet', 'Female', '0213561234', 'username40@gmail.com', 'profile_pic40.jpg'),
 (41, 'Jerry', 'BIDV', '666555465', 'password41', '1 Le Lai', 'Male', '1231234442', 'username41@gmail.com', 'profile_pic41.jpg'),
 (42, 'Lee', 'VIETCOMBANK', '33457896456', 'password42', '4 Tan Hoa', 'Male', '097777728', 'username42@gmail.com', 'profile_pic42.jpg'),
 (43, 'Gwen', 'MBBANK', '3434999909', 'password43', '6 Dong Nai', 'Female', '0981231162', 'username43@gmail.com', 'profile_pic43.jpg'),
 (44, 'Lux', 'TECHCOMBANK', '22414014', 'password44', '90 Ly Thuong Kiet', 'Female', '0289999999', 'username44@gmail.com', 'profile_pic44.jpg'),
 (45, 'Hwei', 'AGRIBANK', '23377770', 'password45', '19 Tran Phu', 'Male', '0911611412', 'username45@gmail.com', 'profile_pic45.jpg'),
 (46, 'Amumu', 'BIDV', '45688990', 'password46', '23 Quang Trung', 'Male', '0901777982', 'username46@gmail.com', 'profile_pic46.jpg'),
 (47, 'Braum', 'TPBANK', '567891002', 'password47', '50 Song Hanh', 'Male', '0987452322', 'username47@gmail.com', 'profile_pic47.jpg'),
 (48, 'Lu Bo', 'MBBANK', '888888909', 'password48', '110 Tran Phu', 'Female', '0899865225', 'username48@gmail.com', 'profile_pic48.jpg'),
 (49, 'Trieu Van', 'VIETCOMBANK', '001111111', 'password49', '59 Le Loi', 'Female', '0928345636', 'username49@gmail.com', 'profile_pic49.jpg'),
 (50, 'Bean', 'AGRIBANK', '234534510', 'password50', '66 Le Van Viet', 'Female', '0913521334', 'username50@gmail.com', 'profile_pic50.jpg'),
 (51, 'Peanut', 'AGRIBANK', '234534501', 'password51', '66 Le Van Viet', 'Female', '0912561334', 'username51@gmail.com', 'profile_pic51.jpg'),
 (52, 'Faker', 'BIDV', '12234056', 'password52', '1 Le Loi', 'Male', '1231231232', 'username52@gmail.com', 'profile_pic52.jpg'),
 (33, 'Tlong', 'VIETCOMBANK', '40654321', 'password53', '4 Tan Lap', 'Male', '097777772', 'username53@gmail.com', 'profile_pic53.jpg'),
 (54, 'Rakan', 'MBBANK', '34999909', 'password54', '6 Hung Vuong', 'Female', '0981231224', 'username54@gmail.com', 'profile_pic54.jpg'),
 (55, 'Xayah', 'TECHCOMBANK', '11041414', 'password55', '9 Ly Thuong Kiet', 'Female', '0779999999', 'username55@gmail.com', 'profile_pic55.jpg'),
 (56, 'Blue', 'AGRIBANK', '27777707', 'password56', '12 Tran Phu', 'Male', '0911311412', 'username56@gmail.com', 'profile_pic56.jpg'),
 (57, 'White', 'BIDV', '45678909', 'password57', '1 Quang Trung', 'Male', '0901777929', 'username57@gmail.com', 'profile_pic57.jpg'),
 (58, 'Amanda', 'TPBANK', '67890102', 'password58', '40 Song Hanh', 'Male', '0987452111', 'username58@gmail.com', 'profile_pic58.jpg'),
 (59, 'Gun', 'MBBANK', '48888880', 'password59', '120 Tran Phu', 'Female', '0899865725', 'username59@gmail.com', 'profile_pic59.jpg'),
 (60, 'Goo', 'VIETCOMBANK', '11101111', 'password60', '9 Le Loi', 'Female', '0988345256', 'username60@gmail.com', 'profile_pic60.jpg'),
 (61, 'Daniel', 'AGRIBANK', '34530451', 'password61', '6 Le Van Viet', 'Female', '0923561234', 'username61@gmail.com', 'profile_pic61.jpg'),
 (62, 'Vasko', 'BIDV', '6665550', 'password62', '1 Le Lai', 'Male', '1231234411', 'username62@gmail.com', 'profile_pic62.jpg'),
 (63, 'DG', 'VIETCOMBANK', '334056456', 'password63', '4 Tan Hoa', 'Male', '097717788', 'username63@gmail.com', 'profile_pic63.jpg'),
 (64, 'Yan', 'MBBANK', '3434999909', 'password64', '6 Dong Nai', 'Female', '0981131165', 'username64@gmail.com', 'profile_pic64.jpg'),
 (65, 'Poo', 'TECHCOMBANK', '22410414', 'password65', '90 Ly Thuong Kiet', 'Female', '0889919999', 'username65@gmail.com', 'profile_pic65.jpg'),
 (66, 'Khan', 'AGRIBANK', '23377707', 'password66', '19 Tran Phu', 'Male', '091111414', 'username66@gmail.com', 'profile_pic66.jpg'),
 (67, 'Thal', 'BIDV', '45688990', 'password67', '23 Quang Trung', 'Male', '0901771989', 'username67@gmail.com', 'profile_pic67.jpg'),
 (68, 'Dim', 'TPBANK', '567891002', 'password68', '50 Song Hanh', 'Male', '0987451321', 'username68@gmail.com', 'profile_pic68.jpg'),
 (69, 'Sum', 'MBBANK', '888888909', 'password69', '110 Tran Phu', 'Female', '089985325', 'username69@gmail.com', 'profile_pic69.jpg'),
 (70, 'Banh', 'VIETCOMBANK', '010111111', 'password70', '579 Le Loi', 'Female', '0988325636', 'username70@gmail.com', 'profile_pic70.jpg'),
 (71, 'Kha', 'AGRIBANK', '234534501', 'password71', '667 Le Van Viet', 'Female', '09133611334', 'username71@gmail.com', 'profile_pic71.jpg'),
 (72, 'Boom', 'MBBANK', '8888889909', 'password72', '1120 Tran Phu', 'Female', '08998652125', 'username72@gmail.com', 'profile_pic72.jpg'),
 (73, 'Bub', 'VIETCOMBANK', '0019111111', 'password73', '529 Le Loi', 'Female', '09283415636', 'username73@gmail.com', 'profile_pic73.jpg'),
 (74, 'Bup', 'AGRIBANK', '2345345910', 'password75', '661 Le Van Viet', 'Female', '09113521334', 'username74@gmail.com', 'profile_pic74.jpg'),
 (75, 'Beat', 'AGRIBANK', '2345345901', 'password75', '626 Le Van Viet', 'Female', '01912561334', 'username75@gmail.com', 'profile_pic75.jpg'),
 (76, 'Baker', 'BIDV', '122340569', 'password76', '122 Le Loi', 'Male', '12312312321', 'username76@gmail.com', 'profile_pic76.jpg'),
 (77, 'THlong', 'VIETCOMBANK', '490654321', 'password77', '42 Tan Lap', 'Male', '0977777712', 'username77@gmail.com', 'profile_pic77.jpg'),
 (78, 'Rakar', 'MBBANK', '349999099', 'password78', '62 Hung Vuong', 'Female', '09812312124', 'username78@gmail.com', 'profile_pic78.jpg'),
 (79, 'Xayan', 'TECHCOMBANK', '110491414', 'password79', '92 Ly Thuong Kiet', 'Female', '01779999999', 'username79@gmail.com', 'profile_pic79.jpg'),
 (80, 'Dragon', 'AGRIBANK', '277777097', 'password80', '122 Tran Phu', 'Male', '09113114112', 'username80@gmail.com', 'profile_pic80.jpg'),
 (81, 'Tiger', 'BIDV', '456789099', 'password81', '100 Quang Trung', 'Male', '09017779219', 'username81@gmail.com', 'profile_pic81.jpg'),
 (82, 'Pig', 'TPBANK', '678901029', 'password82', '400 Song Hanh', 'Male', '09874521111', 'username82@gmail.com', 'profile_pic82.jpg'),
 (83, 'Bloom', 'MBBANK', '488888890', 'password83', '1200 Tran Phu', 'Female', '08998165725', 'username83@gmail.com', 'profile_pic83.jpg'),
 (84, 'Heo', 'VIETCOMBANK', '111019111', 'password84', '90 Le Loi', 'Female', '09883145256', 'username84@gmail.com', 'profile_pic84.jpg'),
 (85, 'Sofm', 'AGRIBANK', '345304519', 'password85', '60 Le Van Viet', 'Female', '01923561234', 'username85@gmail.com', 'profile_pic85.jpg'),
 (86, 'Sena', 'BIDV', '66655509', 'password86', '10 Le Lai', 'Male', '12312344111', 'username86@gmail.com', 'profile_pic86.jpg'),
 (87, 'Chuppy', 'VIETCOMBANK', '9334056456', 'password87', '40 Tan Hoa', 'Male', '0977171788', 'username87@gmail.com', 'profile_pic87.jpg'),
 (88, 'HS', 'MBBANK', '34349999099', 'password88', '60 Dong Nai', 'Female', '09811311651', 'username88@gmail.com', 'profile_pic88.jpg'),
 (89, 'QB', 'TECHCOMBANK', '224104914', 'password89', '900 Ly Thuong Kiet', 'Female', '10889919999', 'username89@gmail.com', 'profile_pic89.jpg'),
 (90, 'LH', 'AGRIBANK', '233777079', 'password90', '190 Tran Phu', 'Male', '0911114141', 'username90@gmail.com', 'profile_pic90.jpg'),
 (91, 'LL', 'BIDV', '456889909', 'password91', '230 Quang Trung', 'Male', '09017719819', 'username91@gmail.com', 'profile_pic91.jpg'),
 (92, 'GM', 'TPBANK', '5678910902', 'password92', '500 Song Hanh', 'Male', '09874511321', 'username92@gmail.com', 'profile_pic92.jpg'),
 (93, 'JK', 'MBBANK', '8888889099', 'password93', '1100 Tran Phu', 'Female', '0899815325', 'username93@gmail.com', 'profile_pic93.jpg'),
 (94, 'BA', 'VIETCOMBANK', '0101911111', 'password94', '590 Le Loi', 'Female', '09818325636', 'username94@gmail.com', 'profile_pic94.jpg'),
 (95, 'MT', 'AGRIBANK', '2345345091', 'password95', '660 Le Van Viet', 'Female', '09113361334', 'username95@gmail.com', 'profile_pic95.jpg'),
 (96, 'MY', 'BIDV', '4568289909', 'password91', '123 Quang Trung', 'Male', '08017719819', 'username96@gmail.com', 'profile_pic96.jpg'),
 (97, 'DV', 'TPBANK', '56728910902', 'password92', '150 Song Hanh', 'Male', '08874511321', 'username97@gmail.com', 'profile_pic97.jpg'),
 (98, 'PD', 'MBBANK', '88882889099', 'password93', '210 Tran Phu', 'Female', '0889815325', 'username98@gmail.com', 'profile_pic98.jpg'),
 (99, 'NT', 'VIETCOMBANK', '20101911111', 'password94', '190 Le Loi', 'Female', '08818325636', 'username99@gmail.com', 'profile_pic99.jpg'),
 (100, 'TK', 'AGRIBANK', '23425345091', 'password95', '160 Le Van Viet', 'Female', '08113361334', 'username100@gmail.com', 'profile_pic100.jpg'),
 
 
INSERT INTO Category (Category_ID, Category_Name)
VALUES
   (1, 'Electronics'),
   (2, 'Clothing'),
   (3, 'Books'),
   (4, 'Home & Garden'),
   (5, 'Sports & Outdoors'),
   (6, 'Beauty & Health'),
   (7, 'Food & Drink'); 

INSERT INTO Seller (Seller_ID, Account_ID, Seller_Description, Seller_Ratings)
VALUES
   (1, 81, 'Experienced seller specializing in smartphones', 4.7),
   (2, 82, 'Fashion store with a focus on denim jeans',  4.5),
   (3, 83, 'Bookstore offering a wide range of literary works',  4.8),
   (4, 84, 'Home and decor shop providing quality products', 4.2),
   (5, 85, 'Outdoor equipment supplier for camping enthusiasts', 4.6),
   (6, 86, 'Curated Premium Beauty and Health Products for Your Wellness', 4.1),
   (7, 87, 'Curated Premium Food and Drink Products for Your Enjoyment',  4.0),
   (8, 88, 'Bookstore offering a wide range of literary works',  4.9),
   (9, 89, 'Home and decor shop providing quality products', 4.5),
   (10, 90, 'Supplier of outdoor gear for camping enthusiasts', 3.7),
   (11, 91, 'Seasoned retailer specializing in smartphones', 3.9),
   (12, 92, 'Fashion boutique specializing in denim jeans',  4.2),
   (13, 93, 'Bookshop featuring a diverse selection of literary works',  3.8),
   (14, 94, 'Home and decor store offering premium products', 4.9),
   (15, 95, 'Supplier of outdoor gear for camping aficionados', 4.4),
   (16, 96, 'Premium Beauty and Health Products for Your Wellness', 4.2),
   (17, 97, 'Curated Premium Food and Drink Products for Your Enjoyment',  4.0),
   (18, 98, 'Bookstore offering a wide range of literary works',  3.9),
   (19, 99, 'Home and decor shop providing quality products', 4.5),
   (20, 100, 'Outdoor equipment supplier for camping enthusiasts', 4.7),
 

INSERT INTO Customer (Customer_ID, Account_ID)
VALUES
   (1, 1),
   (2, 2),
   (3, 3),
   (4, 4),
   (5, 5),
   (6, 6),
   (7, 7),
   (8, 8),
   (9, 9),
   (10, 10),
   (11, 11),
   (12, 12),
   (13, 13),
   (14, 14),
   (15, 15),
   (16, 16),
   (17, 17),
   (18, 18),
   (19, 19),
   (20, 20),
   (21, 21),
   (22, 22),
   (23, 23),
   (24, 24),
   (25, 25),
   (26, 26),
   (27, 27),
   (28, 28),
   (29, 29),
   (30, 30),
   (31, 31),
   (32, 32),
   (33, 33),
   (34, 34),
   (35, 35),
   (36, 36),
   (37, 37),
   (38, 38),
   (39, 39),
   (40, 40),
   (41, 41),
   (42, 42),
   (43, 43),
   (44, 44),
   (45, 45),
   (46, 46),
   (47, 47),
   (48, 48),
   (49, 49),
   (50, 50),
   (51, 51),
   (52, 52),
   (53, 53),
   (54, 54),
   (55, 55),
   (56, 56),
   (57, 57),
   (58, 58),
   (59, 59),
   (60, 60),
   (61, 61),
   (62, 62),
   (63, 63),
   (64, 64),
   (65, 65),
   (66, 66),
   (67, 67),
   (68, 68),
   (69, 69),
   (70, 70),
   (71, 71),
   (72, 72),
   (73, 73),
   (74, 74),
   (75, 75),
   (76, 76),
   (77, 77),
   (78, 78),
   (79, 79),
   (80, 80),
    

INSERT INTO Product (Product_ID, Category_ID, Seller_ID, Customer_ID, Product_Name, Product_Description, Price, Product_Category, Product_Quantity, Product_Sold, Product_Status, Product_Ratings)
VALUES
   (1, 1, 1, 1, 'Smartphone', 'High-end smartphone with advanced features', 799.99, 'Electronics', 50, 20, 'In Stock', 4.5),
   (2, 2, 2, 2, 'Denim Jeans', 'Classic blue denim jeans for everyday wear', 49.99, 'Clothing', 100, 50, 'In Stock', 4.0),
   (3, 3, 3, 3, 'The Great Gatsby', 'Classic novel by F. Scott Fitzgerald', 12.99, 'Books', 75, 30, 'In Stock', 4.8),
   (4, 4, 4, 4, 'Home Decor Set', 'Decorative items for home interior', 149.99, 'Home & Garden', 30, 10, 'In Stock', 4.2),
   (5, 5, 5, 5, 'Outdoor Camping Tent', 'Spacious tent for outdoor camping adventures', 199.99, 'Sports & Outdoors', 20, 5, 'In Stock', 4.6),
   (6, 6, 6, 6, 'iPhone 12 Pro', 'Latest model from Apple with advanced camera features', 1200.00, 'Electronics', 50, 20, 'Available', 4.5),
   (7, 7, 7, 7, 'Denim Jeans', 'Classic denim jeans for everyday wear', 50.00, 'Clothing', 100, 40, 'Available', 4.2),
   (8, 1, 8, 8, 'The Great Gatsby', 'Classic novel by F. Scott Fitzgerald', 15.00, 'Books', 200, 80, 'Available', 4.8),
   (9, 2, 9, 9, 'Home Decor Set', 'Set of premium home decor items', 200.00, 'Home & Garden', 30, 10, 'Available', 4.0),
   (10, 3, 10, 10, 'Camping Tent', 'High-quality camping tent for outdoor adventures', 150.00, 'Sports & Outdoors', 80, 30, 'Available', 4.6),
   (11, 4, 11, 11, 'Skincare Bundle', 'Curated bundle of premium skincare products', 100.00, 'Beauty & Health', 70, 25, 'Available', 4.3),
   (12, 5, 12, 12, 'Gourmet Food Basket', 'Assortment of gourmet food items for a luxurious treat', 80.00, 'Food & Drink', 50, 20, 'Available', 4.7),
   (13, 6, 13, 13, 'Samsung Galaxy S21', 'Flagship smartphone with powerful performance', 1000.00, 'Electronics', 60, 25, 'Available', 4.4),
   (14, 7, 14, 14, 'Leather Jacket', 'Stylish leather jacket for a timeless look', 120.00, 'Clothing', 120, 50, 'Available', 4.1),
   (15, 1, 15, 15, 'To Kill a Mockingbird', 'Classic novel by Harper Lee', 12.00, 'Books', 250, 100, 'Available', 4.9),
   (16, 2, 16, 1, 'Decorative Vase Set', 'Set of elegant decorative vases for home decor', 80.00, 'Home & Garden', 40, 15, 'Available', 4.2),
   (17, 3, 17, 2, 'Hiking Backpack', 'Durable backpack for hiking and outdoor activities', 70.00, 'Sports & Outdoors', 90, 35, 'Available', 4.8),
   (18, 4, 18, 4, 'Hair Care Bundle', 'Bundle of premium hair care products for healthy hair', 60.00, 'Beauty & Health', 80, 30, 'Available', 4.6),
   (19, 5, 19, 6, 'Fine Wine Collection', 'Collection of fine wines from around the world', 150.00, 'Food & Drink', 60, 25, 'Available', 4.5),
   (20, 6, 20, 20, 'Google Pixel 5', 'High-end smartphone with pure Android experience', 900.00, 'Electronics', 70, 30, 'Available', 4.3),
   (21, 7, 1, 21, 'Graphic T-Shirt', 'Stylish graphic t-shirt for casual wear', 25.00, 'Clothing', 150, 60, 'Available', 4.7),
   (22, 1, 2, 22, '1984 by George Orwell', 'Classic dystopian novel', 10.00, 'Books', 300, 120, 'Available', 4.0),
   (23, 2, 3, 23, 'Scented Candles Set', 'Set of aromatic scented candles for relaxation', 40.00, 'Home & Garden', 50, 20, 'Available', 4.8),
   (24, 3, 4, 24, 'Fishing Rod', 'High-quality fishing rod for fishing enthusiasts', 80.00, 'Sports & Outdoors', 100, 40, 'Available', 4.2),
   (25, 4, 5, 25, 'Vitamin Supplements', 'Essential vitamins for overall health and wellness', 30.00, 'Beauty & Health', 200, 80, 'Available', 4.9),
   (26, 5, 6, 26, 'Artisanal Cheese Collection', 'Collection of artisanal cheeses for cheese lovers', 50.00, 'Food & Drink', 80, 30, 'Available', 4.3),
   (27, 6, 7, 24, 'OnePlus 9 Pro', 'Flagship smartphone with Hasselblad camera', 1100.00, 'Electronics', 55, 22, 'Available', 4.6),
   (28, 7, 8, 24, 'Summer Dress', 'Light and breezy dress perfect for summer', 45.00, 'Clothing', 180, 70, 'Available', 4.5),
   (29, 1, 9, 28, 'The Catcher in the Rye', 'Classic coming-of-age novel by J.D. Salinger', 18.00, 'Books', 220, 90, 'Available', 4.7),
   (30, 2, 10, 30, 'Indoor Plant Set', 'Set of indoor plants to brighten up your space', 60.00, 'Home & Garden', 40, 15, 'Available', 4.2),
   (31, 3, 11, 31, 'Camping Cookware Set', 'Complete set of cookware for camping trips', 100.00, 'Sports & Outdoors', 70, 25, 'Available', 4.8),
   (32, 4, 12, 32, 'Aromatherapy Oils Set', 'Set of essential oils for aromatherapy', 35.00, 'Beauty & Health', 30, 10, 'Available', 4.5),
   (33, 7, 13, 33, 'Organic Tea Sampler', 'Sampler pack of organic teas for tea enthusiasts', 25.00, 'Food & Drink', 120, 50, 'Available', 4.6),
   (34, 1, 14, 34, 'Sony PlayStation 5', 'Next-generation gaming console for immersive gaming experiences', 500.00, 'Electronics', 40, 15, 'Available', 4.9),
   (35, 2, 15, 35, 'Leather Wallet', 'Classic leather wallet for keeping your essentials organized', 35.00, 'Clothing', 200, 80, 'Available', 4.3),
   (36, 3, 16, 36, 'Pride and Prejudice', 'Classic romance novel by Jane Austen', 14.00, 'Books', 180, 70, 'Available', 4.8),
   (37, 4, 17, 37, 'Throw Pillow Set', 'Set of decorative throw pillows for your living space', 50.00, 'Home & Garden', 60, 25, 'Available', 4.5),
   (38, 5, 18, 37, 'Portable Camping Grill', 'Compact grill for outdoor cooking while camping', 70.00, 'Sports & Outdoors', 80, 30, 'Available', 4.7),
   (39, 6, 19, 38, 'Anti-Aging Skincare Set', 'Set of anti-aging skincare products for youthful skin', 120.00, 'Beauty & Health', 70, 25, 'Available', 4.2),
   (40, 7, 20, 40, 'Gourmet Chocolate Box', 'Assortment of gourmet chocolates from premium chocolatiers', 40.00, 'Food & Drink', 100, 40, 'Available', 4.9),
   (41, 1, 1, 41, 'DJI Mavic Air 2', 'Compact and powerful drone for aerial photography and videography', 800.00, 'Electronics', 45, 18, 'Available', 4.3),
   (42, 2, 2, 42, 'Striped Polo Shirt', 'Classic striped polo shirt for a preppy look', 30.00, 'Clothing', 150, 60, 'Available', 4.6),
   (43, 3, 3, 43, 'The Hobbit', 'Fantasy novel by J.R.R. Tolkien', 20.00, 'Books', 250, 100, 'Available', 4.1),
   (44, 4, 4, 44, 'Cozy Blanket', 'Soft and cozy blanket for chilly evenings', 60.00, 'Home & Garden', 80, 30, 'Available', 4.8),
   (45, 5, 5, 45, 'Fishing Tackle Box', 'Tackle box with assorted fishing gear', 45.00, 'Sports & Outdoors', 120, 50, 'Available', 4.5),
   (46, 6, 6, 10, 'Hydrating Facial Mask', 'Facial mask for deep hydration and nourishment', 15.00, 'Beauty & Health', 200, 80, 'Available', 4.7),
   (47, 7, 7, 11, 'Artisanal Olive Oil Set', 'Set of artisanal olive oils for culinary enthusiasts', 30.00, 'Food & Drink', 80, 30, 'Available', 4.4),
   (48, 1, 8, 12, 'Smart Watch', 'Fitness tracker and smartwatch with health monitoring features', 150.00, 'Electronics', 60, 25, 'Available', 4.6),
   (49, 2, 9, 46, 'Denim Shorts', 'Stylish denim shorts for a casual summer look', 40.00, 'Clothing', 100, 40, 'Available', 4.2),
   (50, 3, 10, 47, 'The Alchemist', 'Inspirational novel by Paulo Coelho', 16.00, 'Books', 220, 90, 'Available', 4.9),
   (51, 4, 11, 48, 'Succulent Plant Set', 'Set of low-maintenance succulent plants for indoor decoration', 25.00, 'Home & Garden', 70, 25, 'Available', 4.3),
   (52, 5, 12, 49, 'Camping Hammock', 'Portable hammock for comfortable outdoor relaxation', 50.00, 'Sports & Outdoors', 90, 35, 'Available', 4.8),
   (53, 6, 13, 50, 'Anti-Dandruff Shampoo', 'Shampoo for treating and preventing dandruff', 12.00, 'Beauty & Health', 150, 60, 'Available', 4.5),
   (54, 7, 14, 51, 'Gourmet Coffee Sampler', 'Sampler pack of gourmet coffee beans from around the world', 35.00, 'Food & Drink', 80, 30, 'Available', 4.7),
   (55, 1, 15, 52, 'Wireless Earbuds', 'True wireless earbuds with active noise cancellation', 100.00, 'Electronics', 70, 25, 'Available', 4.8),
   (56, 2, 16, 53, 'Classic Sunglasses', 'Timeless sunglasses with UV protection for sunny days', 20.00, 'Clothing', 200, 80, 'Available', 4.3),
   (57, 3, 17, 54, 'To Kill a Mockingbird', 'Classic novel by Harper Lee', 18.00, 'Books', 180, 70, 'Available', 4.9),
   (58, 4, 18, 55, 'Essential Oil Diffuser', 'Aromatherapy diffuser for creating a relaxing atmosphere', 30.00, 'Home & Garden', 90, 35, 'Available', 4.6),
   (59, 5, 19, 56, 'Camping Cookware Set', 'Compact cookware set for outdoor cooking while camping', 40.00, 'Sports & Outdoors', 120, 50, 'Available', 4.4),
   (60, 6, 20, 57, 'Teeth Whitening Kit', 'At-home teeth whitening kit for a brighter smile', 50.00, 'Beauty & Health', 100, 40, 'Available', 4.2),
   (61, 7, 1, 58, 'Artisanal Cheese Sampler', 'Sampler pack of artisanal cheeses from small producers', 50.00, 'Food & Drink', 80, 30, 'Available', 4.8),
   (62, 1, 2, 59, 'Bluetooth Speaker', 'Portable Bluetooth speaker for wireless audio streaming', 80.00, 'Electronics', 60, 25, 'Available', 4.5),
   (63, 2, 3, 60, 'Canvas Tote Bag', 'Durable canvas tote bag for carrying essentials', 25.00, 'Clothing', 150, 60, 'Available', 4.7),
   (64, 3, 4, 60, '1984', 'Dystopian Novel by George Orwell', 16.00, 'Books', 220, 90, 'Available', 4.3),
   (65, 4, 5, 60, 'LED Desk Lamp', 'Adjustable LED desk lamp for studying or working', 35.00, 'Home & Garden', 100, 40, 'Available', 4.6),
   (66, 5, 6, 63, 'Hiking Backpack', 'Durable hiking backpack with multiple compartments', 60.00, 'Sports & Outdoors', 90, 35, 'Available', 4.9),
   (67, 6, 7, 64, 'Facial Cleansing Brush', 'Electric facial cleansing brush for deep cleansing', 30.00, 'Beauty & Health', 120, 50, 'Available', 4.4),
   (68, 7, 8, 65, 'Organic Tea Set', 'Set of organic teas for a soothing tea experience', 30.00, 'Food & Drink', 80, 30, 'Available', 4.7),
   (69, 1, 9, 66, 'Wireless Gaming Mouse', 'High-performance wireless mouse for gaming', 50.00, 'Electronics', 70, 25, 'Available', 4.2),
   (70, 2, 10, 67, 'Knit Beanie', 'Cozy knit beanie for staying warm in cold weather', 15.00, 'Clothing', 200, 80, 'Available', 4.5),
   (71, 3, 11, 68, 'The Great Gatsby', 'Classic novel by F. Scott Fitzgerald', 14.00, 'Books', 180, 70, 'Available', 4.8),
   (72, 4, 12, 69, 'Essential Oil Set', 'Set of essential oils for aromatherapy and relaxation', 25.00, 'Home & Garden', 90, 35, 'Available', 4.1),
   (73, 5, 13, 69, 'Camping Tent', 'Spacious camping tent for outdoor adventures', 120.00, 'Sports & Outdoors', 80, 30, 'Available', 4.6),
   (74, 6, 14, 70, 'Body Lotion', 'Moisturizing body lotion with shea butter', 15.00, 'Beauty & Health', 150, 60, 'Available', 4.3),
   (75, 7, 15, 80, 'Gourmet Chocolate Truffles', 'Decadent assortment of gourmet chocolate truffles', 25.00, 'Food & Drink', 100, 40, 'Available', 4.8),
   (76, 1, 16, 79, 'Smartphone Gimbal Stabilizer', 'Gimbal stabilizer for smooth smartphone video recording', 90.00, 'Electronics', 60, 25, 'Available', 4.5),
   (77, 2, 17, 78, 'Denim Jacket', 'Classic denim jacket for casual style', 50.00, 'Clothing', 120, 50, 'Available', 4.2),
   (78, 3, 18, 77, 'The Catcher in the Rye', 'Classic novel by J.D. Salinger', 16.00, 'Books', 200, 80, 'Available', 4.7),
   (79, 4, 19, 76, 'Indoor Plant Set', 'Set of indoor plants for home decoration', 35.00, 'Home & Garden', 90, 35, 'Available', 4.4),
   (80, 5, 20, 75, 'Fishing Rod and Reel Combo', 'Combo set including fishing rod and reel', 80.00, 'Sports & Outdoors', 70, 25, 'Available', 4.9),
   (81, 6, 1, 74, 'Facial Moisturizer', 'Hydrating facial moisturizer with SPF', 20.00, 'Beauty & Health', 120, 50, 'Available', 4.6),
   (82, 7, 2, 73, 'Artisanal Olive Oil', 'High-quality artisanal olive oil from Italy', 30.00, 'Food & Drink', 80, 30, 'Available', 4.1),
   (83, 1, 3, 72, 'Portable Power Bank', 'Compact power bank for charging devices on the go', 40.00, 'Electronics', 60, 25, 'Available', 4.8),
   (84, 2, 4, 71, 'Leather Wallet', 'Genuine leather wallet with multiple card slots', 25.00, 'Clothing', 150, 60, 'Available', 4.3),
   (85, 3, 5, 50, 'Pride and Prejudice', 'Classic novel by Jane Austen', 18.00, 'Books', 180, 70, 'Available', 4.7),
   (86, 4, 6, 48, 'Stainless Steel Cookware Set', 'Durable stainless steel cookware set for the kitchen', 100.00, 'Home & Garden', 90, 35, 'Available', 4.2),
   (87, 5, 7, 43, 'Cycling Helmet', 'Safety helmet for cycling enthusiasts', 30.00, 'Sports & Outdoors', 100, 40, 'Available', 4.9),
   (88, 6, 8, 22, 'Sunscreen Spray', 'Broad-spectrum sunscreen spray for sun protection', 18.00, 'Beauty & Health', 150, 60, 'Available', 4.6),
   (89, 7, 9, 25, 'Organic Granola Bars', 'Healthy and organic granola bars for snacking', 10.00, 'Food & Drink', 120, 50, 'Available', 4.3),
   (90, 1, 10, 25, 'Bluetooth Headphones', 'Wireless Bluetooth headphones for music and calls', 70.00, 'Electronics', 80, 30, 'Available', 4.8),
   (91, 2, 11, 80, 'Graphic T-Shirt', 'Stylish graphic print t-shirt for casual wear', 20.00, 'Clothing', 200, 80, 'Available', 4.5),
   (92, 3, 12, 10, 'The Hobbit', 'Fantasy novel by J.R.R. Tolkien', 14.00, 'Books', 220, 90, 'Available', 4.2),
   (93, 4, 13, 2, 'Soy Wax Candles', 'Hand-poured soy wax candles with essential oils', 25.00, 'Home & Garden', 100, 40, 'Available', 4.7),
   (94, 5, 14, 1, 'Yoga Mat', 'Non-slip yoga mat for yoga and fitness exercises', 40.00, 'Sports & Outdoors', 80, 30, 'Available', 4.4),
   (95, 6, 15, 2, 'Vitamin C Serum', 'Anti-aging vitamin C serum for skin rejuvenation', 35.00, 'Beauty & Health', 100, 40, 'Available', 4.9),
   (96, 7, 16, 43, 'Organic Honey', 'Pure organic honey sourced from local beekeepers', 15.00, 'Food & Drink', 150, 60, 'Available', 4.6),
   (97, 1, 17, 52, 'Wireless Charging Pad', 'Qi-enabled wireless charging pad for smartphones', 25.00, 'Electronics', 120, 50, 'Available', 4.3),
   (98, 2, 18, 50, 'Denim Jeans', 'Classic denim jeans for everyday wear', 45.00, 'Clothing', 180, 70, 'Available', 4.8),
   (99, 3, 19, 69, 'The Lord of the Rings', 'Epic fantasy novel trilogy by J.R.R. Tolkien', 50.00, 'Books', 90, 35, 'Available', 4.5),
   (100, 4, 20, 64, 'Stainless Steel Water Bottle', 'Durable stainless steel water bottle for hydration', 20.00, 'Home & Garden', 100, 40, 'Available', 4.2);
 


INSERT INTO Cart (Cart_ID, Customer_ID, Create_at, Update_at)
VALUES 
   (1, 1, '2023-11-10 14:00:00', '2023-11-10 14:30:00'),
   (2, 2, '2023-11-11 15:00:00', '2023-11-11 15:30:00'),
   (3, 3, '2023-11-12 16:00:00', '2023-11-12 16:30:00'),
   (4, 4, '2023-11-13 17:00:00', '2023-11-13 17:30:00'),
   (5, 5, '2023-11-14 18:00:00', '2023-11-14 18:30:00'),
   (6, 6, '2023-05-17 08:30:00', '2023-05-17 08:50:00'),
   (7, 7, '2023-05-17 09:15:00', '2023-05-17 09:45:00'),
   (8, 8, '2023-05-17 10:00:00', '2023-05-17 10:30:00'),
   (9, 9, '2023-05-17 10:45:00', '2023-05-17 10:55:00'),
   (10, 10, '2023-06-17 11:30:00', '2023-06-17 11:50:00'),
   (11, 11, '2023-06-17 12:15:00', '2023-06-17 12:35:00'),
   (12, 12, '2023-07-17 13:00:00', '2023-07-17 13:30:00'),
   (13, 13, '2023-07-17 13:45:00', '2023-07-17 13:55:00'),
   (14, 14, '2023-08-17 14:30:00', '2023-08-17 14:50:00'),
   (15, 15, '2023-08-17 15:15:00', '2023-08-17 15:35:00'),
   (16, 16, '2023-08-17 16:00:00', '2023-08-17 16:30:00'),
   (17, 17, '2023-08-17 16:45:00', '2023-08-17 15:45:00'),
   (18, 18, '2023-08-17 17:30:00', '2023-08-17 18:00:00'),
   (19, 19, '2023-08-17 18:15:00', '2023-08-17 18:35:00'),
   (20, 20, '2023-05-17 19:00:00', '2023-05-17 19:30:00'),
   (21, 21, '2023-05-17 19:45:00', '2023-05-17 19:55:00'),
   (22, 22, '2023-05-17 20:30:00', '2023-05-17 20:50:00'),
   (23, 23, '2023-05-17 21:15:00', '2023-05-17 21:35:00'),
   (24, 24, '2023-05-17 22:00:00', '2023-05-17 22:50:00'),
   (25, 25, '2023-05-17 22:45:00', '2023-05-17 23:35:00'),
   (26, 26, '2023-05-17 23:30:00', '2023-05-17 23:40:00'),
   (27, 27, '2023-05-18 00:15:00', '2023-05-18 00:35:00'),
   (28, 28, '2023-05-18 01:00:00', '2023-05-18 01:30:00'),
   (29, 29, '2023-05-18 01:45:00', '2023-05-18 01:55:00'),
   (30, 30, '2023-05-18 02:30:00', '2023-05-18 02:50:00'),
   (31, 31, '2023-05-18 03:15:00', '2023-05-18 03:55:00'),
   (32, 32, '2023-05-18 04:00:00', '2023-05-18 04:30:00'),
   (33, 33, '2023-05-18 04:45:00', '2023-05-18 04:55:00'),
   (34, 34, '2023-05-18 05:30:00', '2023-05-18 05:50:00'),
   (35, 35, '2023-05-18 06:15:00', '2023-05-18 06:35:00'),
   (36, 36, '2023-05-18 07:00:00', '2023-05-18 07:30:00'),
   (37, 37, '2023-05-18 07:45:00', '2023-05-18 07:55:00'),
   (38, 38, '2023-05-18 08:30:00', '2023-05-18 08:50:00'),
   (39, 39, '2023-05-18 09:15:00', '2023-05-18 09:35:00'),
   (40, 40, '2023-05-18 10:00:00', '2023-05-18 10:50:00'),
   (41, 41, '2023-05-18 10:45:00', '2023-05-18 10:55:00'),
   (42, 42, '2023-05-18 11:30:00', '2023-05-18 11:50:00'),
   (43, 43, '2023-05-18 12:15:00', '2023-05-18 12:35:00'),
   (44, 44, '2023-05-18 13:00:00', '2023-05-18 13:30:00'),
   (45, 45, '2023-05-18 13:45:00', '2023-05-18 13:55:00'),
   (46, 46, '2023-05-18 14:30:00', '2023-05-18 14:50:00'),
   (47, 47, '2023-05-18 15:15:00', '2023-05-18 15:35:00'),
   (48, 48, '2023-05-17 08:30:00', '2023-05-17 08:50:00'),
   (49, 49, '2023-05-17 09:15:00', '2023-05-17 09:35:00'),
   (50, 50, '2023-05-17 10:00:00', '2023-05-17 10:30:00'),
   (51, 51, '2023-05-17 10:45:00', '2023-05-17 10:55:00'),
   (52, 52, '2023-05-17 11:30:00', '2023-05-17 11:50:00'),
   (53, 53, '2023-05-17 12:15:00', '2023-05-17 12:35:00'),
   (54, 54, '2023-05-17 13:00:00', '2023-05-17 13:30:00'),
   (55, 55, '2023-05-17 13:45:00', '2023-05-17 13:55:00'),
   (56, 56, '2023-05-17 14:30:00', '2023-05-17 14:50:00'),
   (57, 57, '2023-05-17 15:15:00', '2023-05-17 15:35:00'),
   (58, 58, '2023-05-17 16:00:00', '2023-05-17 16:30:00'),
   (59, 59, '2023-05-17 16:45:00', '2023-05-17 16:55:00'),
   (60, 60, '2023-05-17 17:30:00', '2023-05-17 17:50:00'),
   (61, 61, '2023-05-17 18:15:00', '2023-05-17 18:35:00'),
   (62, 62, '2023-05-17 19:00:00', '2023-05-17 19:50:00'),
   (63, 63, '2023-05-17 19:45:00', '2023-05-17 19:55:00'),
   (64, 64, '2023-05-17 20:30:00', '2023-05-17 20:50:00'),
   (65, 65, '2023-05-17 21:15:00', '2023-05-17 21:55:00'),
   (66, 66, '2023-05-17 22:00:00', '2023-05-17 22:50:00'),
   (67, 67, '2023-05-17 22:45:00', '2023-05-17 22:55:00'),
   (68, 68, '2023-05-17 23:30:00', '2023-05-17 23:50:00'),
   (69, 69, '2023-05-18 01:00:00', '2023-05-18 01:50:00'),
   (70, 70, '2023-05-18 01:00:00', '2023-05-18 01:50:00'),
   (71, 71, '2023-05-18 01:45:00', '2023-05-18 01:55:00'),
   (72, 72, '2023-05-18 02:30:00', '2023-05-18 02:50:00'),
   (73, 73, '2023-05-18 03:15:00', '2023-05-18 03:55:00'),
   (74, 74, '2023-05-18 04:00:00', '2023-05-18 04:50:00'),
   (75, 75, '2023-05-18 04:45:00', '2023-05-18 04:55:00'),
   (76, 76, '2023-05-18 05:30:00', '2023-05-18 05:50:00'),
   (77, 77, '2023-05-18 06:15:00', '2023-05-18 06:55:00'),
   (78, 78, '2023-05-18 07:00:00', '2023-05-18 07:50:00'),
   (79, 79, '2023-05-18 07:45:00', '2023-05-18 07:55:00'),
   (80, 80, '2023-05-18 08:30:00', '2023-05-18 08:50:00');
 

INSERT INTO CartItem (Cart_Item_ID, Cart_ID, Product_ID, Cart_Item_Quantity, Cart_Item_Price, Create_at, Update_at)
VALUES
   (1, 1, 1, 1, 799.99, '2023-11-10 14:00:00', '2023-11-10 14:30:00'),
   (2, 2, 2, 2, 99.98, '2023-11-11 15:00:00', '2023-11-11 15:30:00'),
   (3, 3, 3, 3, 38.97, '2023-11-12 16:00:00', '2023-11-12 16:30:00'),
   (4, 4, 4, 2, 299.98, '2023-11-13 17:00:00', '2023-11-13 17:30:00'),
   (5, 5, 5, 4, 799.96, '2023-11-14 18:00:00', '2023-11-14 18:30:00'),
   (6, 6, 6, 1, 1200.00, '2023-05-17 08:30:00', '2023-05-17 08:50:00'),
   (7, 7, 7, 2, 100.00, '2023-05-17 09:15:00', '2023-05-17 09:45:00'),
   (8, 8, 8, 3, 45.00, '2023-05-17 10:00:00', '2023-05-17 10:30:00'),
   (9, 9, 9, 2, 400.00, '2023-05-17 10:45:00', '2023-05-17 10:55:00'),
   (10, 10, 10, 4, 600.00, '2023-06-17 11:30:00', '2023-06-17 11:50:00'),
   (11, 11, 11, 1, 100.00, '2023-06-17 12:15:00', '2023-06-17 12:35:00'),
   (12, 12, 12, 2, 160.00, '2023-07-17 13:00:00', '2023-07-17 13:30:00'),
   (13, 13, 13, 3, 3000.00, '2023-07-17 13:45:00', '2023-07-17 13:55:00'),
   (14, 14, 14, 2, 240.00, '2023-08-17 14:30:00', '2023-08-17 14:50:00'),
   (15, 15, 15, 4, 48.00, '2023-08-17 15:15:00', '2023-08-17 15:35:00'),
   (16, 1, 16, 1, 80.00, '2023-08-17 16:00:00', '2023-08-17 16:30:00'),
   (17, 2, 17, 2, 140.00, '2023-08-17 16:45:00', '2023-08-17 15:45:00'),
   (18, 4, 18, 3, 180.00, '2023-08-17 17:30:00', '2023-08-17 18:00:00'),
   (19, 6, 19, 2, 300.00, '2023-08-17 18:15:00', '2023-08-17 18:35:00'),
   (20, 20, 20, 4, 3600.00, '2023-05-17 19:00:00', '2023-05-17 19:30:00'),
   (21, 21, 21, 1, 25.00, '2023-05-17 19:45:00', '2023-05-17 19:55:00'),
   (22, 22, 22, 2, 20.00, '2023-05-17 20:30:00', '2023-05-17 20:50:00'),
   (23, 23, 23, 3, 120.00, '2023-05-17 21:15:00', '2023-05-17 21:35:00'),
   (24, 24, 24, 2, 160.00, '2023-05-17 22:00:00', '2023-05-17 22:50:00'),
   (25, 25, 25, 4, 120.00, '2023-05-17 22:45:00', '2023-05-17 23:35:00'),
   (26, 26, 26, 1, 50.00, '2023-05-17 23:30:00', '2023-05-17 23:40:00'),
   (27, 24, 27, 2, 2200.00, '2023-05-18 00:15:00', '2023-05-18 00:35:00'),
   (28, 24, 28, 3, 135.00, '2023-05-18 01:00:00', '2023-05-18 01:30:00'),
   (29, 28, 29, 2, 36.00, '2023-05-18 01:45:00', '2023-05-18 01:55:00'),
   (30, 30, 30, 4, 240.00, '2023-05-18 02:30:00', '2023-05-18 02:50:00'),
   (31, 31, 31, 1, 100.00, '2023-05-18 03:15:00', '2023-05-18 03:55:00'),
   (32, 32, 32, 2, 70.00, '2023-05-18 04:00:00', '2023-05-18 04:30:00'),
   (33, 33, 33, 3, 75.00, '2023-05-18 04:45:00', '2023-05-18 04:55:00'),
   (34, 34, 34, 2, 1000.00, '2023-05-18 05:30:00', '2023-05-18 05:50:00'),
   (35, 35, 35, 4, 140.00, '2023-05-18 06:15:00', '2023-05-18 06:35:00'),
   (36, 36, 36, 1, 14.00, '2023-05-18 07:00:00', '2023-05-18 07:30:00'),
   (37, 37, 37, 2, 100.00, '2023-05-18 07:45:00', '2023-05-18 07:55:00'),
   (38, 37, 38, 3, 210.00, '2023-05-18 08:30:00', '2023-05-18 08:50:00'),
   (39, 38, 39, 2, 240.00, '2023-05-18 09:15:00', '2023-05-18 09:35:00'),
   (40, 40, 40, 4, 160.00, '2023-05-18 10:00:00', '2023-05-18 10:50:00'),
   (41, 41, 41, 1, 800.00, '2023-05-18 10:45:00', '2023-05-18 10:55:00'),
   (42, 42, 42, 2, 60.00, '2023-05-18 11:30:00', '2023-05-18 11:50:00'),
   (43, 43, 43, 3, 20.00,  '2023-05-18 12:15:00', '2023-05-18 12:35:00'),
   (44, 44, 44, 2, 120.00, '2023-05-18 13:00:00', '2023-05-18 13:30:00'),
   (45, 45, 45, 4, 180.00, '2023-05-18 13:45:00', '2023-05-18 13:55:00'),
   (46, 10, 46, 1, 15.00, '2023-05-18 14:30:00', '2023-05-18 14:50:00'),
   (47, 11, 47, 2, 60.00, '2023-11-11 15:00:00', '2023-11-11 15:30:00'),
   (48, 12, 48, 3, 450.00, '2023-05-18 15:15:00', '2023-05-18 15:35:00'),
   (49, 46, 49, 2, 80.00, '2023-05-17 09:15:00', '2023-05-17 09:35:00'),
   (50, 47, 50, 4, 64.00, '2023-05-17 10:00:00', '2023-05-17 10:30:00'),
   (51, 48, 51, 1, 25.00, '2023-05-17 10:45:00', '2023-05-17 10:55:00'),
   (52, 49, 52, 2, 100.00, '2023-05-17 11:30:00', '2023-05-17 11:50:00'),
   (53, 50, 53, 3, 36.00, '2023-05-17 12:15:00', '2023-05-17 12:35:00'),
   (54, 51, 54, 2, 105.00, '2023-05-17 13:00:00', '2023-05-17 13:30:00'),
   (55, 52, 55, 4, 400.00, '2023-05-17 13:45:00', '2023-05-17 13:55:00'),
   (56, 53, 56, 1, 20.00, '2023-05-17 14:30:00', '2023-05-17 14:50:00'),
   (57, 54, 57, 2, 36.00, '2023-05-17 15:15:00', '2023-05-17 15:35:00'),
   (58, 55, 58, 3, 90.00, '2023-05-17 16:00:00', '2023-05-17 16:30:00'),
   (59, 56, 59, 2, 80.00, '2023-05-17 16:45:00', '2023-05-17 16:55:00'),
   (60, 57, 60, 4, 200.00, '2023-05-17 17:30:00', '2023-05-17 17:50:00'),
   (61, 58, 61, 1, 50.00, '2023-05-17 18:15:00', '2023-05-17 18:35:00'),
   (62, 59, 62, 2, 160.00, '2023-05-17 19:00:00', '2023-05-17 19:50:00'),
   (63, 60, 63, 3, 75.00, '2023-05-17 19:45:00', '2023-05-17 19:55:00'),
   (64, 60, 64, 2, 32.00, '2023-05-17 20:30:00', '2023-05-17 20:50:00'),
   (65, 60, 65, 4, 140.00, '2023-05-17 21:15:00', '2023-05-17 21:55:00'),
   (66, 63, 66, 1, 60.00, '2023-05-17 22:00:00', '2023-05-17 22:50:00'),
   (67, 64, 67, 2, 60.00, '2023-05-17 22:45:00', '2023-05-17 22:55:00'),
   (68, 65, 68, 3, 90.00, '2023-05-17 23:30:00', '2023-05-17 23:50:00'),
   (69, 66, 69, 2, 100.00, '2023-05-18 01:00:00', '2023-05-18 01:50:00'),
   (70, 67, 70, 4, 60.00, '2023-05-18 01:00:00', '2023-05-18 01:50:00'),
   (71, 68, 71, 1, 14.00, '2023-05-18 01:45:00', '2023-05-18 01:55:00'),
   (72, 69, 72, 2, 50.00, '2023-05-18 02:30:00', '2023-05-18 02:50:00'),
   (73, 69, 73, 3, 360.00, '2023-05-18 03:15:00', '2023-05-18 03:55:00'),
   (74, 70, 74, 2, 30.00, '2023-05-18 04:00:00', '2023-05-18 04:50:00'),
   (75, 80, 75, 4, 100.00, '2023-05-18 04:45:00', '2023-05-18 04:55:00'),
   (76, 79, 76, 1, 90.00, '2023-05-18 05:30:00', '2023-05-18 05:50:00'),
   (77, 78, 77, 2, 100.00, '2023-05-18 06:15:00', '2023-05-18 06:55:00'),
   (78, 77, 78, 3, 48.00, '2023-05-18 07:00:00', '2023-05-18 07:50:00'),
   (79, 76, 79, 2, 70.00, '2023-05-18 07:45:00', '2023-05-18 07:55:00'),
   (80, 75, 80, 4, 320.00, '2023-05-18 08:30:00', '2023-05-18 08:50:00'),
   (81, 74, 61, 1, 20.00, '2023-06-17 18:15:00', '2023-06-18 18:35:00'),
   (82, 73, 62, 2, 60.00, '2023-07-18 19:00:00', '2023-07-18 19:50:00'),
   (83, 72, 63, 3, 120.00, '2023-07-18 19:45:00', '2023-07-18 19:55:00'),
   (84, 71, 64, 2, 50.00, '2023-07-18 20:30:00', '2023-07-18 20:50:00'),
   (85, 50, 65, 4, 72.00, '2023-07-18 21:15:00', '2023-07-18 21:55:00'),
   (86, 48, 66, 1, 100.00, '2023-08-18 22:00:00', '2023-08-18 22:50:00'),
   (87, 43, 67, 2, 60.00, '2023-08-18 22:45:00', '2023-08-18 22:55:00'),
   (88, 22, 68, 3, 54.00, '2023-08-18 23:30:00', '2023-08-18 23:50:00'),
   (89, 25, 69, 2, 20.00, '2023-06-18 01:00:00', '2023-05-18 01:50:00'),
   (90, 25, 70, 4, 280.00, '2023-05-18 01:00:00', '2023-05-18 01:50:00'),
   (91, 80, 71, 1, 20.00, '2023-04-18 01:45:00', '2023-04-18 01:55:00'),
   (92, 10, 72, 2, 28.00, '2023-11-18 02:30:00', '2023-11-18 02:50:00'),
   (93, 2, 73, 3, 75.00, '2023-09-18 03:15:00', '2023-09-18 03:55:00'),
   (94, 1, 74, 2, 80.00, '2023-10-18 04:00:00', '2023-10-18 04:50:00'),
   (95, 2, 75, 4, 140.00, '2023-12-18 04:45:00', '2023-12-18 04:55:00'),
   (96, 43, 76, 1, 15.00, '2023-12-18 05:30:00', '2023-12-18 05:50:00'),
   (97, 52, 77, 2, 50.00, '2023-10-18 06:15:00', '2023-10-18 06:55:00'),
   (98, 50, 78, 3, 135.00, '2023-10-18 07:00:00', '2023-10-18 07:50:00'),
   (99, 96, 79, 2, 100.00, '2023-09-18 07:45:00', '2023-09-18 07:55:00'),
   (100, 64, 80, 4, 80.00, '2023-09-18 08:30:00', '2023-09-18 08:50:00');




INSERT INTO Order (Order_ID, Customer_ID, Total_Order_Value, Order_Date, Order_Status, Shipping_Fee, Order_Purchase_TimeStamp, Order_Canceled, Order_Delivered_Carrier_Date, Order_Delivered_Customer_Date, Order_Estimated_Customer_Date)
VALUES
   (1, 1, 799.99, '2023-11-10', 'Processing', 5.00, '2023-11-10 12:30:00', Null, '2023-11-11 11:30:00', '2023-11-13 12:30:00', '2023-11-13 12:30:00'),
   (2, 2, 99.98, '2023-11-11', 'Shipped', 7.50, '2023-11-11 13:30:00', Null, '2023-11-12 14:00:00', '2023-11-13 14:15:00', '2023-11-13 11:30:00'),
   (3, 3, 38.97, '2023-11-12', 'Delivered', 10.00, '2023-11-12 14:30:00', Null, '2023-11-13 15:00:00', '2023-11-16 15:15:00', '2023-11-16 15:30:00'),
   (4, 4, 299.98, '2023-11-13', 'Processing', 12.00, '2023-11-13 15:30:00', Null, '2023-11-14 16:00:00', '2023-11-17 16:15:00', '2023-11-17 16:30:00'),
   (5, 5, 799.96, '2023-11-14', 'Delivered', 8.00, '2023-11-14 16:30:00', Null, '2023-11-15 17:00:00', '2023-11-17 17:15:00', '2023-11-19 17:30:00'),
   (6, 6, 1200.00, '2023-05-17', 'Processing', 15.00 , '2023-05-17 07:30:00', Null, '2023-05-18 08:50:00', '2023-05-21 08:50:00', '2023-05-21 08:00:00'),
   (7, 7, 100.00, '2023-05-17', 'Processing', 4.00, '2023-05-17 08:15:00', Null, '2023-05-18 09:45:00', '2023-05-22 10:45:00', '2023-05-22 09:45:00'),
   (8, 8, 45.00,  '2023-05-17', 'Processing', 3.00, '2023-05-17 9:00:00', Null, '2023-05-18 10:30:00', '2023-05-21 10:30:00', '2023-05-21 9:30:00'),
   (9, 9, 400.00, '2023-05-17', 'Processing', 11.00, '2023-05-17 9:45:00', Null, '2023-05-18 10:55:00', '2023-05-21 10:55:00', '2023-05-21 11:55:00'),
   (10, 10, 600.00, '2023-06-17', 'Shipped', 12.00, '2023-06-17 10:30:00', Null,'2023-06-18 11:50:00', '2023-06-21 11:50:00', '2023-06-21 9:50:00'),
   (11, 11, 100.00, '2023-06-17', 'Processing', 7.00, '2023-06-17 11:15:00', Null, '2023-06-18 12:35:00', '2023-06-21 12:35:00', '2023-06-21 11:35:00'),
   (12, 12, 160.00, '2023-07-17', 'Processing', 9.00, '2023-07-17 12:00:00', Null, '2023-07-18 13:30:00', '2023-07-21 13:30:00', '2023-07-21 10:30:00'),
   (13, 13, 3000.00, '2023-07-17', 'Shipped', 18.00, '2023-07-17 12:45:00', Null, '2023-07-17 13:55:00', '2023-07-17 13:55:00', '2023-07-17 13:55:00'),
   (14, 14, 240.00, '2023-08-17', 'Processing', 10.00, '2023-08-17 12:30:00', Null, '2023-08-18 14:50:00', '2023-08-21 14:30:00', '2023-08-21 11:50:00'),
   (15, 15, 48.00,'2023-08-17', 'Shipped', 3.00, '2023-08-17 13:15:00', Null, '2023-08-18 15:35:00', '2023-08-22 15:35:00', '2023-08-21 12:35:00'),
   (16, 1, 80.00, '2023-08-17', 'Delivered', 5.00, '2023-08-17 14:00:00', Null, '2023-08-18 16:30:00', '2023-08-22 15:30:00', '2023-08-21 16:30:00'),
   (17, 2, 140.00, '2023-08-17', 'Shipped', 6.00, '2023-08-17 14:45:00', Null, '2023-08-18 15:45:00', '2023-08-21 17:35:00', '2023-08-21 14:45:00'),
   (18, 4, 180.00, '2023-08-17', 'Shipped', 7.00, '2023-08-17 15:30:00', Null, '2023-08-19 18:00:00', '2023-08-23 17:00:00', '2023-08-23 15:00:00'),
   (19, 6, 300.00, '2023-08-17', 'Delivered', 8.00, '2023-08-17 16:15:00', Null, '2023-08-18 18:35:00', '2023-08-21 18:45:00', '2023-08-21 15:35:00'),
   (20, 20, 3600.00, '2023-05-17', 'Delivered', 11.00, '2023-05-17 17:00:00', Null, '2023-05-18 19:30:00', '2023-05-21 16:30:00', '2023-05-21 15:30:00'),
   (21, 21, 25.00, '2023-05-17', 'Shipped', 3.00, '2023-05-17 17:45:00', Null, '2023-05-18 19:55:00', '2023-05-21 14:55:00', '2023-05-21 13:55:00'),
   (22, 22, 20.00, '2023-05-17', 'Shipped', 5.00, '2023-05-17 19:30:00', Null, '2023-05-18 20:50:00', '2023-05-22 15:50:00', '2023-05-22 14:50:00'),
   (23, 23, 120.00, '2023-05-17', 'Shipped', 6.00, '2023-05-17 20:15:00', Null, '2023-05-18 21:35:00', '2023-05-23 9:35:00', '2023-05-23 8:35:00'),
   (24, 24, 160.00, '2023-05-17', 'Delivered', 5.00, '2023-05-17 21:00:00', Null, '2023-05-19 22:50:00', '2023-05-23 12:50:00', '2023-05-23 10:50:00'),
   (25, 25, 120.00, '2023-05-17', 'Delivered', 4.00, '2023-05-17 21:45:00', Null,  '2023-05-18 23:35:00', '2023-05-21 9:35:00', '2023-05-21 10:35:00'),
   (26, 26, 50.00, '2023-05-17', 'Delivered', 3.00, '2023-05-17 22:30:00', Null, '2023-05-18 23:40:00', '2023-05-21 13:40:00', '2023-05-21 14:40:00'),
   (27, 24, 2200.00, '2023-05-18', 'Delivered', 14.00, '2023-05-18 00:15:00', Null, '2023-05-19 10:35:00', '2023-05-23 10:35:00', '2023-05-23 11:35:00'),
   (28, 24, 135.00, '2023-05-18', 'Shipped', 6.00, '2023-05-18 01:00:00', Null, '2023-05-19 11:30:00', '2023-05-24 11:30:00', '2023-05-24 10:30:00'),
   (29, 28, 36.00, '2023-05-18', 'Shipped', 3.00, '2023-05-18 01:45:00', Null, '2023-05-19 11:55:00', '2023-05-22 11:55:00', '2023-05-22 10:55:00'),
   (30, 30, 240.00, '2023-05-18', 'Canceled', 7.00, '2023-05-18 02:30:00', '2023-05-19 02:30:00', Null, Null, Null),
   (31, 31, 100.00, '2023-05-18', 'Delivered', 5.00, '2023-05-18 03:15:00', Null, '2023-05-19 13:55:00', '2023-05-23 13:55:00', '2023-05-23 13:55:00'),
   (32, 32, 70.00, '2023-05-18', 'Processing', 4.00, '2023-05-18 04:00:00', Null, '2023-05-19 14:30:00', '2023-05-23 14:30:00', '2023-05-23 14:30:00'),
   (33, 33, 75.00, '2023-05-18', 'Processing', 4.00, '2023-05-18 04:45:00', Null, '2023-05-19 14:55:00', '2023-05-23 14:55:00', '2023-05-23 14:55:00'),
   (34, 34, 1000.00, '2023-05-18', 'Canceled', 10.00, '2023-05-18 05:30:00', '2023-05-18 09:30:00', Null, Null, Null),
   (35, 35, 140.00, '2023-05-18', 'Shipped', 6.00, '2023-05-18 06:15:00', Null, '2023-05-19 07:35:00', '2023-05-22 16:35:00', '2023-05-22 15:35:00'),
   (36, 36, 14.00, '2023-05-18', 'Shipped', 3.00, '2023-05-18 07:00:00', Null, '2023-05-19 07:30:00', '2023-05-23 17:30:00', '2023-05-23 10:30:00'),
   (37, 37, 100.00, '2023-05-18', 'Processing', 5.00, '2023-05-18 07:45:00', Null, '2023-05-19 07:55:00', '2023-05-22 17:55:00', '2023-05-22 07:55:00'),
   (38, 37, 210.00, '2023-05-18', 'Canceled', 7.00, '2023-05-18 08:30:00', '2023-05-18 14:30:00', Null, Null, Null),
   (39, 38, 240.00, '2023-05-18', 'Canceled', 7.00, '2023-05-18 09:15:00', '2023-05-19 08:30:00', Null, Null, Null),
   (40, 40, 160.00, '2023-05-18', 'Shipped', 6.00, '2023-05-18 10:00:00', Null,  '2023-05-19 10:50:00', '2023-05-24 10:50:00', '2023-05-24 10:55:00'),
   (41, 41, 800.00, '2023-05-18', 'Processing', 9.00, '2023-05-18 10:45:00', Null, '2023-05-19 10:55:00', '2023-05-24 10:55:00', '2023-05-24 10:55:00'),
   (42, 42, 60.00, '2023-05-18', 'Canceled', 5.00, '2023-05-18 11:30:00', '2023-05-19 11:30:00', Null, Null, Null),
   (43, 43, 20.00,  '2023-05-18', 'Shipped', 3.00, '2023-05-18 12:15:00', Null, '2023-05-19 12:35:00', '2023-05-23 12:35:00', '2023-05-23 12:35:00'),
   (44, 44, 120.00,'2023-05-18',  'Delivered', 4.00, '2023-05-18 13:00:00', Null, '2023-05-19 13:30:00', '2023-05-23 13:30:00', '2023-05-23 13:30:00'),
   (45, 45, 180.00, '2023-05-18', 'Shipped', 5.00, '2023-05-18 13:45:00', Null, '2023-05-19 13:55:00', '2023-05-23 13:55:00', '2023-05-23 13:55:00'),
   (46, 10, 15.00, '2023-05-18', 'Canceled', 3.00, '2023-05-18 14:30:00', '2023-05-19 14:30:00', Null, Null, Null),
   (47, 11, 60.00,  '2023-11-11', 'Delivered', 6.00, '2023-11-11 15:00:00', Null, '2023-11-12 15:30:00', '2023-11-15 15:30:00', '2023-11-15 15:30:00'),
   (48, 12, 450.00, '2023-05-18',  'Shipped', 8.00, '2023-05-18 15:15:00', Null, '2023-05-19 15:35:00', '2023-05-21 15:35:00', '2023-05-21 15:35:00'),
   (49, 46, 80.00, '2023-05-17', 'Canceled', 5.00, '2023-05-17 09:15:00', '2023-05-18 09:15:00', Null, Null, Null),
   (50, 47, 64.00, '2023-05-17', 'Delivered', 4.00, '2023-05-17 10:00:00', Null, '2023-05-18 10:30:00', '2023-05-21 10:30:00', '2023-05-21 10:30:00'),
   (51, 48, 25.00, '2023-05-17', 'Shipped', 3.00, '2023-05-17 10:45:00', Null, '2023-05-18 10:55:00', '2023-05-21 10:55:00', '2023-05-21 10:55:00'),
   (52, 49, 100.00, '2023-05-17', 'Processing', 5.00, '2023-05-17 11:30:00', Null, '2023-05-18 11:50:00', '2023-05-21 11:50:00', '2023-05-21 11:50:00'),
   (53, 50, 36.00, '2023-05-17', 'Delivered', 3.00, '2023-05-17 12:15:00', Null, '2023-05-18 12:35:00', '2023-05-21 12:35:00', '2023-05-21 12:35:00'),
   (54, 51, 105.00, '2023-05-17', 'Delivered', 5.00, '2023-05-17 13:00:00', Null, '2023-05-18 13:30:00', '2023-05-21 13:30:00', '2023-05-21 13:30:00'),
   (55, 52, 400.00, '2023-05-17', 'Delivered', 7.00, '2023-05-17 13:45:00', Null, '2023-05-18 13:55:00', '2023-05-21 13:55:00', '2023-05-21 13:55:00'),
   (56, 53, 20.00, '2023-05-17', 'Canceled', 3.00, '2023-05-17 14:30:00', '2023-05-18 14:30:00', Null, Null, Null),
   (57, 54, 36.00, '2023-05-17', 'Shipped', 3.00, '2023-05-17 15:15:00', Null, '2023-05-18 15:35:00', '2023-05-21 15:35:00', '2023-05-21 15:35:00'),
   (58, 55, 90.00, '2023-05-17', 'Delivered', 4.00, '2023-05-17 16:00:00', Null, '2023-05-18 16:30:00', '2023-05-21 16:30:00', '2023-05-21 16:30:00'),
   (59, 56, 80.00, '2023-05-17', 'Canceled', 4.00, '2023-05-17 16:45:00', '2023-05-18 16:45:00', Null, Null, Null),
   (60, 57, 200.00, '2023-05-17', 'Delivered', 7.00, '2023-05-17 17:30:00', Null, '2023-05-18 17:50:00', '2023-05-22 17:50:00', '2023-05-22 17:50:00'),
   (61, 58, 50.00, '2023-05-17', 'Delivered', 4.00, '2023-05-17 18:15:00', Null, '2023-05-18 18:35:00', '2023-05-22 18:35:00', '2023-05-22 18:35:00'),
   (62, 59, 160.00, '2023-05-17', 'Canceled', 5.00, '2023-05-17 19:00:00', '2023-05-18 16:45:00', Null, Null, Null),
   (63, 60, 75.00, '2023-05-17', 'Processing', 4.00, '2023-05-17 19:45:00', Null, '2023-05-18 19:55:00', '2023-05-21 11:55:00', '2023-05-21 9:55:00'),
   (64, 60, 32.00, '2023-05-17', 'Processing', 3.00, '2023-05-17 20:30:00', Null, '2023-05-18 20:50:00', '2023-05-21 12:50:00', '2023-05-21 10:50:00'),
   (65, 60, 140.00, '2023-05-17', 'Processing', 5.00, '2023-05-17 21:15:00', Null, '2023-05-18 21:55:00', '2023-05-21 12:55:00', '2023-05-21 11:55:00'),
   (66, 63, 60.00, '2023-05-17', 'Shipped', 4.00, '2023-05-17 22:00:00', Null, '2023-05-18 12:50:00', '2023-05-21 12:50:00', '2023-05-21 14:50:00'),
   (67, 64, 60.00, '2023-05-17', 'Shipped', 4.00, '2023-05-17 22:45:00', Null, '2023-05-18 12:55:00', '2023-05-21 12:55:00', '2023-05-21 13:55:00'),
   (68, 65, 90.00, '2023-05-17', 'Processing', 5.00, '2023-05-17 23:30:00', Null, '2023-05-18 13:50:00', '2023-05-11 23:50:00', '2023-05-21 13:50:00'),
   (69, 66, 100.00, '2023-05-17', 'Delivered', 5.00, '2023-05-18 01:00:00', Null, '2023-05-19 11:50:00', '2023-05-11 01:50:00', '2023-05-21 11:50:00'),
   (70, 67, 60.00, '2023-05-17', 'Canceled', 4.00, '2023-05-18 01:00:00', '2023-05-19 16:45:00', Null, Null, Null),
   (71, 68, 14.00, '2023-05-17', 'Shipped', 3.00, '2023-05-18 01:45:00', Null, '2023-05-19 11:55:00', '2023-05-23 10:55:00', '2023-05-23 11:55:00'),
   (72, 69, 50.00, '2023-05-18', 'Processing', 3.00, '2023-05-18 02:30:00', Null, '2023-05-19 12:50:00', '2023-05-22 9:50:00', '2023-05-22 12:50:00'),
   (73, 69, 360.00, '2023-05-18', 'Delivered', 8.00, '2023-05-18 03:15:00', Null, '2023-05-19 13:55:00', '2023-05-22 8:55:00', '2023-05-22 13:55:00'),
   (74, 70, 30.00, '2023-05-18', 'Canceled', 3.00, '2023-05-18 04:00:00', '2023-05-19 16:45:00', Null, Null, Null),
   (75, 80, 100.00, '2023-05-18', 'Shipped', 5.00, '2023-05-18 04:45:00', Null, '2023-05-19 14:55:00', '2023-05-23 10:55:00', '2023-05-23 08:55:00'),
   (76, 79, 90.00, '2023-05-18', 'Delivered', 6.00, '2023-05-18 05:30:00', Null, '2023-05-19 15:50:00', '2023-05-23 11:50:00', '2023-05-23 15:50:00'),
   (77, 78, 100.00, '2023-05-18', 'Shipped', 5.00, '2023-05-18 06:15:00', Null, '2023-05-19 16:55:00', '2023-05-23 12:55:00', '2023-05-23 16:55:00'),
   (78, 77, 48.00, '2023-05-18', 'Delivered', 4.00, '2023-05-18 07:00:00', Null, '2023-05-19 07:50:00', '2023-05-23 13:50:00', '2023-05-23 17:50:00'),
   (79, 76, 70.00, '2023-05-18', 'Processing', 5.00, '2023-05-18 07:45:00', Null, '2023-05-19 07:55:00', '2023-05-23 14:55:00', '2023-05-23 17:55:00'),
   (80, 75, 320.00, '2023-05-18', 'Shipped', 7.00, '2023-05-18 08:30:00', Null, '2023-05-19 08:50:00', '2023-05-23 15:50:00', '2023-05-23 10:50:00'),
   (81, 74, 20.00, '2023-06-17', 'Delivered', 3.00, '2023-06-17 18:15:00', Null, '2023-06-19 18:35:00', '2023-06-23 16:35:00', '2023-06-23 14:35:00'),
   (82, 73, 60.00, '2023-07-18', 'Canceled', 4.00, '2023-07-18 19:00:00', '2023-05-19 16:45:00', Null, Null, Null),
   (83, 72, 120.00, '2023-07-18', 'Delivered', 5.00, '2023-07-18 19:45:00', Null, '2023-07-19 19:55:00', '2023-07-23 15:55:00', '2023-07-23 11:55:00'),
   (84, 71, 50.00, '2023-07-18', 'Shipped', 4.00, '2023-07-18 20:30:00', Null, '2023-07-19 20:50:00', '2023-07-23 12:50:00', '2023-07-23 12:50:00'),
   (85, 50, 72.00, '2023-07-18', 'Canceled', 4.00, '2023-07-18 21:15:00', '2023-05-19 16:45:00', Null, Null, Null),
   (86, 48, 100.00, '2023-08-18', 'Shipped', 5.00, '2023-08-18 22:00:00', Null, '2023-08-19 12:50:00', '2023-08-23 13:50:00', '2023-08-23 14:50:00'),
   (87, 43, 60.00, '2023-08-18', 'Processing', 7.00, '2023-08-18 22:45:00', Null, '2023-08-19 12:55:00', '2023-08-23 10:55:00', '2023-08-23 13:55:00'),
   (88, 22, 54.00, '2023-08-18', 'Delivered', 5.00, '2023-08-18 23:30:00', Null, '2023-08-19 12:50:00', '2023-08-23 11:50:00', '2023-08-23 13:50:00'),
   (89, 25, 20.00, '2023-06-18', 'Processing', 3.00, '2023-06-18 01:00:00', Null, '2023-05-19 11:50:00', '2023-05-23 08:50:00', '2023-05-23 17:50:00'),
   (90, 25, 280.00, '2023-05-18', 'Shipped', 10.00, '2023-05-18 01:00:00', Null, '2023-05-19 11:50:00', '2023-05-23 09:50:00', '2023-05-23 08:50:00'),
   (91, 80, 20.00, '2023-04-18', 'Delivered', 4.00, '2023-04-18 01:45:00', Null, '2023-04-19 11:55:00', '2023-04-23 07:55:00', '2023-04-23 09:55:00'),
   (92, 10, 28.00, '2023-11-18', 'Processing', 3.00, '2023-11-18 02:30:00', Null, '2023-11-19 12:50:00', '2023-11-23 08:50:00', '2023-11-23 09:50:00'),
   (93, 2, 75.00, '2023-09-18', 'Delivered', 4.00, '2023-09-18 03:15:00', Null, '2023-09-19 13:55:00', '2023-09-23 09:55:00', '2023-09-23 10:55:00'),
   (94, 1, 80.00, '2023-10-18', 'Processing', 4.00, '2023-10-18 04:00:00', Null, '2023-10-19 14:50:00', '2023-10-23 10:50:00', '2023-10-23 14:50:00'),
   (95, 2, 140.00, '2023-12-18', 'Delivered', 5.00, '2023-12-18 04:45:00', Null, '2023-12-19 14:55:00', '2023-12-23 11:55:00', '2023-12-23 14:55:00'),
   (96, 43, 15.00, '2023-12-18', 'Processing', 3.00, '2023-12-18 05:30:00', Null, '2023-12-19 15:50:00', '2023-12-23 15:50:00', '2023-12-23 15:50:00'),
   (97, 52, 50.00, '2023-10-18', 'Shipped', 5.00, '2023-10-18 06:15:00', Null, '2023-10-19 16:55:00', '2023-10-23 09:55:00', '2023-10-23 16:55:00'),
   (98, 50, 135.00, '2023-10-18', 'Processing', 5.00, '2023-10-18 07:00:00', Null, '2023-10-19 17:50:00', '2023-10-23 09:50:00', '2023-10-23 17:50:00'),
   (99, 96, 100.00, '2023-09-18', 'Canceled', 5.00, '2023-09-18 07:45:00', '2023-05-19 16:45:00', Null, Null, Null),
   (100, 64, 80.00, '2023-09-18', 'Processing', 3.00, '2023-09-18 08:30:00', Null, '2023-09-19 08:50:00', '2023-09-23 09:50:00', '2023-09-23 09:50:00');


INSERT INTO Order_Items (Order_Item_ID, Order_ID, Product_ID, Product_Name, Price, Product_Quantity)
VALUES
   (1, 1, 1, 'Smartphone', 799.99, 1),
   (2, 2, 2, 'Denim Jeans', 49.99, 2),
   (3, 3, 3, 'The Great Gatsby', 12.99, 3),
   (4, 4, 4, 'Home Decor Set', 149.99, 2),
   (5, 5, 5, 'Outdoor Camping Tent', 199.99, 4),
   (6, 6, 6, 'Smartphone', 1200.00, 1),
   (7, 7, 7, 'Denim Jeans', 100.00, 2),
   (8, 8, 8, 'The Great Gatsby', 45.00, 3),
   (9, 9, 9, 'Home Decor Set', 500.00, 2),
   (10, 10, 10, 'Outdoor Camping Tent', 600.00, 4),
   (11, 11, 11, 'Smartphone', 100.00, 1),
   (12, 12, 12, 'Denim Jeans', 160.00, 2),
   (13, 13, 13, 'The Great Gatsby', 3000.00, 3),
   (14, 14, 14, 'Home Decor Set', 240.00, 2),
   (15, 15, 15, 'Outdoor Camping Tent', 48.00, 4),
   (16, 16, 16, 'Smartphone', 80.00, 1),
   (17, 17, 17, 'Denim Jeans', 140.00, 2),
   (18, 18, 18, 'The Great Gatsby', 180.00, 3),
   (19, 19, 19, 'Home Decor Set', 300.00, 2),
   (20, 20, 20, 'Outdoor Camping Tent', 3600.00, 4),
   (21, 21, 21, 'Smartphone', 25.00, 1),
   (22, 22, 22, 'Denim Jeans', 20.00, 2),
   (23, 23, 23, 'The Great Gatsby', 120.00, 3),
   (24, 24, 24, 'Home Decor Set', 160.00, 2),
   (25, 25, 25, 'Outdoor Camping Tent', 120.00, 4),
   (26, 26, 26, 'Smartphone', 50.00, 1),
   (27, 27, 27, 'Denim Jeans', 2200.00, 2),
   (28, 28, 28, 'The Great Gatsby', 135.00, 3),
   (29, 29, 29, 'Home Decor Set', 36.00, 2),
   (30, 30, 30, 'Outdoor Camping Tent', 240.00, 4),
   (31, 31, 31, 'Smartphone', 100.00, 1),
   (32, 32, 32, 'Denim Jeans', 70.00, 2),
   (33, 33, 33, 'The Great Gatsby', 75.00, 3),
   (34, 34, 34, 'Home Decor Set', 1000.00, 2),
   (35, 35, 35, 'Outdoor Camping Tent', 140.00, 4),
   (36, 36, 36, 'Smartphone', 14.00, 1),
   (37, 37, 37, 'Denim Jeans', 100.00, 2),
   (38, 38, 38, 'The Great Gatsby', 210.00, 3),
   (39, 39, 39, 'Home Decor Set', 240.00, 2),
   (40, 40, 40, 'Outdoor Camping Tent', 160.00, 4),
   (41, 41, 41, 'Smartphone', 800.00, 1),
   (42, 42, 42, 'Denim Jeans', 60.00, 2),
   (43, 43, 43, 'The Great Gatsby', 20.00, 3),
   (44, 44, 44, 'Home Decor Set', 120.0, 2),
   (45, 45, 45, 'Outdoor Camping Tent', 180.00, 4),
   (46, 46, 46, 'Smartphone', 15.00, 1),
   (47, 47, 47, 'Denim Jeans', 60.00, 2),
   (48, 48, 48, 'The Great Gatsby', 450.00, 3),
   (49, 49, 49, 'Home Decor Set', 80.00, 2),
   (50, 50, 50, 'Outdoor Camping Tent', 64.00, 4),
   (51, 51, 51, 'Smartphone', 25.00, 1),
   (52, 52, 52, 'Denim Jeans', 100.00, 2),
   (53, 53, 53, 'The Great Gatsby', 36.00, 3),
   (54, 54, 54, 'Home Decor Set', 105.00, 2),
   (55, 55, 55, 'Outdoor Camping Tent', 400.00, 4),
   (56, 56, 56, 'Smartphone', 20.00, 1),
   (57, 57, 57, 'Denim Jeans', 36.00, 2),
   (58, 58, 58, 'The Great Gatsby', 90.00, 3),
   (59, 59, 59, 'Home Decor Set', 80.00, 2),
   (60, 60, 60, 'Outdoor Camping Tent', 200.00, 4),
   (61, 61, 61, 'Smartphone', 50.00, 1),
   (62, 62, 62, 'Denim Jeans', 160.00, 2),
   (63, 63, 63, 'The Great Gatsby', 75.00, 3),
   (64, 64, 64, 'Home Decor Set', 32.00, 2),
   (65, 65, 65, 'Outdoor Camping Tent', 140.00, 4),
   (66, 66, 66, 'Smartphone', 60.00, 1),
   (67, 67, 67, 'Denim Jeans', 60.00, 2),
   (68, 68, 68, 'The Great Gatsby', 90.00, 3),
   (69, 69, 69, 'Home Decor Set', 100.00, 2),
   (70, 70, 70, 'Outdoor Camping Tent', 60.00, 4),
   (71, 71, 71, 'Smartphone', 14.00 1),
   (72, 72, 72, 'Denim Jeans', 50.00, 2),
   (73, 73, 73, 'The Great Gatsby', 360.00, 3),
   (74, 74, 74, 'Home Decor Set', 30.00, 2),
   (75, 75, 75, 'Outdoor Camping Tent', 100.00, 4),
   (76, 76, 76, 'Smartphone', 90.00, 1),
   (77, 77, 77, 'Denim Jeans', 100.00, 2),
   (78, 78, 78, 'The Great Gatsby', 48.00, 3),
   (79, 79, 79, 'Home Decor Set', 70.00, 2),
   (80, 80, 80, 'Outdoor Camping Tent', 320.00, 4),
   (81, 81, 81, 'Smartphone', 20.00, 1),
   (82, 82, 82, 'Denim Jeans', 60.00, 2),
   (83, 83, 83, 'The Great Gatsby', 120.00, 3),
   (84, 84, 84, 'Home Decor Set', 50.00, 2),
   (85, 85, 85, 'Outdoor Camping Tent', 72.00, 4),
   (86, 86, 86, 'Smartphone', 100.00, 1),
   (87, 87, 87, 'Denim Jeans', 60.00, 2),
   (88, 88, 88, 'The Great Gatsby', 54.00, 3),
   (89, 89, 89, 'Home Decor Set', 20.00, 2),
   (90, 90, 90, 'Outdoor Camping Tent', 280.00, 4),
   (91, 91, 91, 'Smartphone', 20.00, 1),
   (92, 92, 92, 'Denim Jeans', 28.00, 2),
   (93, 93, 93, 'The Great Gatsby', 75.00, 3),
   (94, 94, 94, 'Home Decor Set', 80.00, 2),
   (95, 95, 95, 'Outdoor Camping Tent', 140.00, 4),
   (96, 96, 96, 'Smartphone', 15.00, 1),
   (97, 97, 97, 'Denim Jeans', 50.00, 2),
   (98, 98, 98, 'The Great Gatsby', 135.00, 3),
   (99, 99, 99, 'Home Decor Set', 100.00, 2),
   (100, 100, 100, 'Outdoor Camping Tent', 80.00, 4),

INSERT INTO Payments (Payment_ID, Order_ID, Payment_Sequential, Payment_Type, Payment_Installments, Payment_Value)
VALUES
   (1, 1, 1, 'Banking', 3, 799.99),
   (2, 2, 1, 'Cash', 1, 99.98),
   (3, 3, 1, 'Banking', 2, 38.97),
   (4, 4, 1, 'Banking', 4, 299.98),
   (5, 5, 1, 'Banking', 2, 799.96),
   (6, 6, 1, 'Banking', 3, 1200.00),
   (7, 7, 1, 'Cash', 1, 100.00),
   (8, 8, 1, 'Banking', 2, 45.00),
   (9, 9, 1, 'Banking', 4, 400.00),
   (10, 10, 1, 'Banking', 2, 600.00),
   (11, 11, 1, 'Banking', 3, 100.00),
   (12, 12, 1, 'Cash', 1, 160.00),
   (13, 13, 1, 'Banking', 2, 3000.00),
   (14, 14, 1, 'Banking', 4, 240.00),
   (15, 15, 1, 'Banking', 2, 48.00),
   (16, 16, 1, 'Banking', 3, 80.00),
   (17, 17, 1, 'Cash', 1, 140.00),
   (18, 18, 1, 'Banking', 2, 180.00),
   (19, 19, 1, 'Banking', 4, 300.00),
   (20, 20, 1, 'Banking', 2, 3600.00),
   (21, 21, 1, 'Banking', 3, 25.00),
   (22, 22, 1, 'Cash', 1, 20.00),
   (23, 23, 1, 'Banking', 2, 120.00),
   (24, 24, 1, 'Banking', 4, 160.00),
   (25, 25, 1, 'Banking', 2, 120.00),
   (26, 26, 1, 'Banking', 3, 50.00),
   (27, 27, 1, 'Cash', 1, 2200.00),
   (28, 28, 1, 'Banking', 2, 135.00),
   (29, 29, 1, 'Banking', 4, 36.00),
   (30, 30, 1, 'Banking', 2, 240.00),
   (31, 31, 1, 'Banking', 3, 100.00),
   (32, 32, 1, 'Cash', 1, 70.00),
   (33, 33, 1, 'Banking', 2, 75.00),
   (34, 34, 1, 'Banking', 4, 1000.00),
   (35, 35, 1, 'Banking', 2, 140.00),
   (36, 36, 1, 'Banking', 3, 14.00),
   (37, 37, 1, 'Cash', 1, 100.00),
   (38, 38, 1, 'Banking', 2, 210.00),
   (39, 39, 1, 'Banking', 4, 240.00),
   (40, 40, 1, 'Banking', 2, 160.00),
   (41, 41, 1, 'Banking', 3, 800.00),
   (42, 42, 1, 'Cash', 1, 60.00),
   (43, 43, 1, 'Banking', 2, 20.00),
   (44, 44, 1, 'Banking', 4, 120.00),
   (45, 45, 1, 'Banking', 2, 180.00),
   (46, 46, 1, 'Banking', 3, 15.00),
   (47, 47, 1, 'Cash', 1, 60.00),
   (48, 48, 1, 'Banking', 2, 450.00),
   (49, 49, 1, 'Banking', 4, 80.00),
   (50, 50, 1, 'Banking', 2, 64.00),
   (51, 51, 1, 'Banking', 3, 25.00),
   (52, 52, 1, 'Cash', 1, 100.00),
   (53, 53, 1, 'Banking', 2, 36.00),
   (54, 54, 1, 'Banking', 4, 105.00),
   (55, 55, 1, 'Banking', 2, 400.00),
   (56, 56, 1, 'Banking', 3, 20.00),
   (57, 57, 1, 'Cash', 1, 36.00),
   (58, 58, 1, 'Banking', 2, 90.00),
   (59, 59, 1, 'Banking', 4, 80.00),
   (60, 60, 1, 'Banking', 2, 200.00),
   (61, 61, 1, 'Banking', 3, 50.00),
   (62, 62, 1, 'Cash', 1, 160.00),
   (63, 63, 1, 'Banking', 2, 75.00),
   (64, 64, 1, 'Banking', 4, 32.00),
   (65, 65, 1, 'Banking', 2, 140.00),
   (66, 66, 1, 'Banking', 3, 60.00),
   (67, 67, 1, 'Cash', 1, 60.00),
   (68, 68, 1, 'Banking', 2, 90.00),
   (69, 69, 1, 'Banking', 4, 100.00),
   (70, 70, 1, 'Banking', 2, 60.00),
   (71, 71, 1, 'Banking', 3, 14.00),
   (72, 72, 1, 'Cash', 1, 50.00),
   (73, 73, 1, 'Banking', 2, 360.00),
   (74, 74, 1, 'Banking', 4, 30.00),
   (75, 75, 1, 'Banking', 2, 100.00),
   (76, 76, 1, 'Banking', 3, 90.00),
   (77, 77, 1, 'Cash', 1, 100.00),
   (78, 78, 1, 'Banking', 2, 48.00),
   (79, 79, 1, 'Banking', 4, 70.00),
   (80, 80, 1, 'Banking', 2, 320.00),
   (81, 81, 1, 'Banking', 3, 20.00),
   (82, 82, 1, 'Cash', 1, 60.00),
   (83, 83, 1, 'Banking', 2, 120.00),
   (84, 84, 1, 'Banking', 4, 50.00),
   (85, 85, 1, 'Banking', 2, 72.00),
   (86, 86, 1, 'Banking', 3, 100.00),
   (87, 87, 1, 'Cash', 1, 60.00),
   (88, 88, 1, 'Banking', 2, 54.00),
   (89, 89, 1, 'Banking', 4, 20.00),
   (90, 90, 1, 'Banking', 2, 280.00),
   (91, 91, 1, 'Banking', 3, 20.00),
   (92, 92, 1, 'Cash', 1, 28.00),
   (93, 93, 1, 'Banking', 2, 75.00),
   (94, 94, 1, 'Banking', 4, 80.00),
   (95, 95, 1, 'Banking', 2, 140.00),
   (96, 96, 1, 'Banking', 3, 15.00),
   (97, 97, 1, 'Cash', 1, 50.00),
   (98, 98, 1, 'Banking', 2, 135.00),
   (99, 99, 1, 'Banking', 4, 100.00),
   (100, 100, 1, 'Banking', 2, 80.00);
 
INSERT INTO Order_Review (Review_ID, Order_ID, Review_Score, Review_Comment_Title, Review_Comment_Message, Review_Creation_Date, Review_Answer_Timestamp)
VALUES
   (1, 1, 4, 'Great Experience', 'The order was processed quickly, and the product is fantastic!', '2023-11-14 12:45:00', '2023-11-14 13:00:00'),
   (2, 2, 5, 'Excellent Service', 'Smooth transaction and fast shipping. Highly recommended!', '2023-11-15 13:15:00', '2023-11-15 13:30:00'),
   (3, 3, 4, 'Good Bookstore', 'The bookstore has a great selection of books. I am satisfied with my purchase.', '2023-11-17 14:00:00', '2023-11-17 14:15:00'),
   (4, 4, 3, 'Product Quality Concerns', 'The product received did not meet my expectations. Quality needs improvement.', '2023-11-18 15:00:00', '2023-11-18 18:00:00'),
   (5, 5, 5, 'Awesome Outdoor Gear', 'I love the camping gear! It arrived on time, and the quality is outstanding.', '2023-11-18 15:30:00', '2023-11-18 15:45:00'),
   (6, 6, 5, 'Excellent', 'The product was fantastic!', '2024-05-01', '2024-05-01 10:00:00'),
   (7, 7, 4, 'Very Good', 'Really liked the product.', '2024-05-02', '2024-05-02 11:00:00'),
   (8, 8, 3, 'Good', 'The product is good.', '2024-05-03', '2024-05-03 12:00:00'),
   (9, 9, 2, 'Fair', 'It is okay, could be better.', '2024-05-04', '2024-05-04 13:00:00'),
   (10, 10, 1, 'Poor', 'Not satisfied with the product.', '2024-05-05', '2024-05-05 14:00:00'),
   (11, 11, 5, 'Excellent', 'Exceeded my expectations!', '2024-05-06', '2024-05-06 15:00:00'),
   (12, 12, 4, 'Very Good', 'Happy with the purchase.', '2024-05-07', '2024-05-07 16:00:00'),
   (13, 13, 3, 'Good', 'It meets my needs.', '2024-05-08', '2024-05-08 17:00:00'),
   (14, 14, 2, 'Fair', 'Could be improved.', '2024-05-09', '2024-05-09 18:00:00'),
   (15, 15, 1, 'Poor', 'Disappointed with the quality.', '2024-05-10', '2024-05-10 19:00:00'),
   (16, 16, 5, 'Excellent', 'Highly recommend!', '2024-05-11', '2024-05-11 20:00:00'),
   (17, 17, 4, 'Very Good', 'Worth the price.', '2024-05-12', '2024-05-12 21:00:00'),
   (18, 18, 3, 'Good', 'Satisfactory product.', '2024-05-13', '2024-05-13 22:00:00'),
   (19, 19, 2, 'Fair', 'Just average.', '2024-05-14', '2024-05-14 23:00:00'),
   (20, 20, 1, 'Poor', 'Not as described.', '2024-05-15', '2024-05-15 08:00:00'),
   (21, 21, 5, 'Excellent', 'Will buy again!', '2024-05-16', '2024-05-16 09:00:00'),
   (22, 22, 4, 'Very Good', 'Good value for money.', '2024-05-17', '2024-05-17 10:00:00'),
   (23, 23, 3, 'Good', 'Okay product.', '2024-05-18', '2024-05-18 11:00:00'),
   (24, 24, 2, 'Fair', 'Needs improvement.', '2024-05-19', '2024-05-19 12:00:00'),
   (25, 25, 1, 'Poor', 'Not worth it.', '2024-05-20', '2024-05-20 13:00:00'),
   (26, 26, 5, 'Excellent', 'Perfect product!', '2024-05-21', '2024-05-21 14:00:00'),
   (27, 27, 4, 'Very Good', 'Quite satisfied.', '2024-05-22', '2024-05-22 15:00:00'),
   (28, 28, 3, 'Good', 'Does the job.', '2024-05-23', '2024-05-23 16:00:00'),
   (29, 29, 2, 'Fair', 'Not very good.', '2024-05-24', '2024-05-24 17:00:00'),
   (30, 30, 1, 'Poor', 'Terrible experience.', '2024-05-25', '2024-05-25 18:00:00'),
   (31, 31, 5, 'Excellent', 'I love it!', '2024-05-26', '2024-05-26 19:00:00'),
   (32, 32, 4, 'Very Good', 'Very happy with it.', '2024-05-27', '2024-05-27 20:00:00'),
   (33, 33, 3, 'Good', 'It is fine.', '2024-05-28', '2024-05-28 21:00:00'),
   (34, 34, 2, 'Fair', 'Can be better.', '2024-05-29', '2024-05-29 22:00:00'),
   (35, 35, 1, 'Poor', 'I do not recommend.', '2024-05-30', '2024-05-30 23:00:00'),
   (36, 36, 5, 'Excellent', 'Fantastic product.', '2024-06-01', '2024-06-01 08:00:00'),
   (37, 37, 4, 'Very Good', 'Liked it a lot.', '2024-06-02', '2024-06-02 09:00:00'),
   (38, 38, 3, 'Good', 'Satisfactory quality.', '2024-06-03', '2024-06-03 10:00:00'),   
   (39, 39, 2, 'Fair', 'Not what I expected.', '2024-06-04', '2024-06-04 11:00:00'),
   (40, 40, 1, 'Poor', 'Very poor quality.', '2024-06-05', '2024-06-05 12:00:00'),
   (41, 41, 5, 'Excellent', 'Best purchase ever!', '2024-06-06', '2024-06-06 13:00:00'),
   (42, 42, 4, 'Very Good', 'Satisfied with it.', '2024-06-07', '2024-06-07 14:00:00'),
   (43, 43, 3, 'Good', 'Meets expectations.', '2024-06-08', '2024-06-08 15:00:00'),
   (44, 44, 2, 'Fair', 'Could be better.', '2024-06-09', '2024-06-09 16:00:00'),
   (45, 45, 1, 'Poor', 'Would not buy again.', '2024-06-10', '2024-06-10 17:00:00'),
   (46, 46, 5, 'Excellent', 'Amazing product!', '2024-06-11', '2024-06-11 18:00:00'),
   (47, 47, 4, 'Very Good', 'Very nice.', '2024-06-12', '2024-06-12 19:00:00'),
   (48, 48, 3, 'Good', 'Good for the price.', '2024-06-13', '2024-06-13 20:00:00'),
   (49, 49, 2, 'Fair', 'Just okay.', '2024-06-14', '2024-06-14 21:00:00'),
   (50, 50, 1, 'Poor', 'Low quality.', '2024-06-15', '2024-06-15 22:00:00'),
   (51, 51, 5, 'Excellent', 'Excellent value.', '2024-06-16', '2024-06-16 23:00:00'),
   (52, 52, 4, 'Very Good', 'Pretty good.', '2024-06-17', '2024-06-17 08:00:00'),
   (53, 53, 2, 'Fair', 'Could use some improvements.', '2024-06-18', '2024-06-18 09:00:00'),
   (54, 54, 1, 'Poor', 'Not recommended.', '2024-06-19', '2024-06-19 10:00:00'),
   (55, 55, 5, 'Excellent', 'Absolutely loved it!', '2024-06-20', '2024-06-20 11:00:00'), 
   (56, 56, 4, 'Very Good', 'Very pleased.', '2024-06-21', '2024-06-21 12:00:00'),
   (57, 57, 3, 'Good', 'It\s okay.', '2024-06-22', '2024-06-22 13:00:00'),
   (58, 58, 2, 'Fair', 'Not bad, not good.', '2024-06-23', '2024-06-23 14:00:00'),
   (59, 59, 1, 'Poor', 'Regret buying it.', '2024-06-24', '2024-06-24 15:00:00'),
   (60, 60, 5, 'Excellent', 'Superb!', '2024-06-25', '2024-06-25 16:00:00'),
   (61, 61, 4, 'Very Good', 'Good product.', '2024-06-26', '2024-06-26 17:00:00'),
   (62, 62, 3, 'Good', 'Adequate.', '2024-06-27', '2024-06-27 18:00:00'),
   (63, 63, 2, 'Fair', 'Nothing special.', '2024-06-28', '2024-06-28 19:00:00'),
   (64, 64, 1, 'Poor', 'Do not buy.', '2024-06-29', '2024-06-29 20:00:00'),
   (65, 65, 5, 'Excellent', 'Fantastic!', '2024-06-30', '2024-06-30 21:00:00'),
   (66, 66, 4, 'Very Good', 'Really nice.', '2024-07-01', '2024-07-01 22:00:00'),
   (67, 67, 3, 'Good', 'It works.', '2024-07-02', '2024-07-02 23:00:00'),
   (68, 68, 2, 'Fair', 'Could be improved.', '2024-07-03', '2024-07-03 08:00:00'),
   (69, 69, 1, 'Poor', 'Terrible.', '2024-07-04', '2024-07-04 09:00:00'),
   (70, 70, 5, 'Excellent', 'Exceptional quality!', '2024-07-05', '2024-07-05 10:00:00'),
   (71, 71, 4, 'Very Good', 'Worth buying.', '2024-07-06', '2024-07-06 11:00:00'),
   (72, 72, 3, 'Good', 'Okay for the price.', '2024-07-07', '2024-07-07 12:00:00'),
   (73, 73, 2, 'Fair', 'So-so.', '2024-07-08', '2024-07-08 13:00:00'),
   (74, 74, 1, 'Poor', 'Waste of money.', '2024-07-09', '2024-07-09 14:00:00'),
   (75, 75, 5, 'Excellent', 'Perfect!', '2024-07-10', '2024-07-10 15:00:00'),  
   (76, 76, 4, 'Very Good', 'I am satisfied.', '2024-07-11', '2024-07-11 16:00:00'),
   (77, 77, 3, 'Good', 'Not bad.', '2024-07-12', '2024-07-12 17:00:00'),
   (78, 78, 2, 'Fair', 'Could be better.', '2024-07-13', '2024-07-13 18:00:00'),
   (79, 79, 1, 'Poor', 'Very disappointing.', '2024-07-14', '2024-07-14 19:00:00'),
   (80, 80, 5, 'Excellent', 'Highly recommend!', '2024-07-15', '2024-07-15 20:00:00'),
   (81, 81, 4, 'Very Good', 'Quite happy.', '2024-07-16', '2024-07-16 21:00:00'),
   (82, 82, 3, 'Good', 'It does the job.', '2024-07-17', '2024-07-17 22:00:00'),
   (83, 83, 2, 'Fair', 'Just fine.', '2024-07-18', '2024-07-18 23:00:00'),
   (84, 84, 1, 'Poor', 'Not recommended at all.', '2024-07-19', '2024-07-19 08:00:00'),
   (85, 85, 5, 'Excellent', 'Excellent!', '2024-07-20', '2024-07-20 09:00:00'),   
   (86, 86, 4, 'Very Good', 'Satisfied overall.', '2024-07-21', '2024-07-21 10:00:00'),
   (87, 87, 3, 'Good', 'Does what it says.', '2024-07-22', '2024-07-22 11:00:00'),
   (88, 88, 2, 'Fair', 'Not impressive.', '2024-07-23', '2024-07-23 12:00:00'),
   (89, 89, 1, 'Poor', 'Not worth the money.', '2024-07-24', '2024-07-24 13:00:00'),
   (90, 90, 5, 'Excellent', 'Absolutely perfect!', '2024-07-25', '2024-07-25 14:00:00'),
   (91, 91, 4, 'Very Good', 'I like it.', '2024-07-26', '2024-07-26 15:00:00'),
   (92, 92, 3, 'Good', 'Okay product.', '2024-07-27', '2024-07-27 16:00:00'),
   (93, 93, 2, 'Fair', 'Not great.', '2024-07-28', '2024-07-28 17:00:00'),
   (94, 94, 1, 'Poor', 'Very bad.', '2024-07-29', '2024-07-29 18:00:00'),
   (95, 95, 5, 'Excellent', 'Loved it.', '2024-07-30', '2024-07-30 19:00:00'),   
   (96, 96, 4, 'Very Good', 'Good quality.', '2024-07-31', '2024-07-31 20:00:00'),
   (97, 97, 3, 'Good', 'Fine for the price.', '2024-08-01', '2024-08-01 21:00:00'),
   (98, 98, 2, 'Fair', 'Not very good.', '2024-08-02', '2024-08-02 22:00:00'),   
   (99, 99, 1, 'Poor', 'Extremely disappointed.', '2024-08-03', '2024-08-03 23:00:00'),
   (100, 100, 5, 'Excellent', 'Highly recommended!', '2024-08-04', '2024-08-04 08:00:00'),


INSERT INTO History (History_ID, Customer_ID, Seller_ID, Order_ID, TimeStamp, Product_Name)
VALUES
   (1, 1, 1, 1, '2023-11-10 14:30:00', 'Smartphone'),
   (2, 2, 2, 2, '2023-11-11 15:30:00', 'Denim Jeans'),
   (3, 3, 3, 3, '2023-11-12 16:30:00', 'The Great Gatsby'),
   (4, 4, 4, 4, '2023-11-13 17:30:00', 'Home Decor Set'),
   (5, 5, 5, 5, '2023-11-14 18:30:00', 'Outdoor Camping Tent'); 
   (6, 6, 6, 6, 'Smartphone'),
   (7, 7, 7, 7, 'Denim Jeans'),
   (8, 8, 8, 8, 'The Great Gatsby'),
   (9, 9, 9, 9, 'Home Decor Set'),
   (10, 10, 10, 10, 'Outdoor Camping Tent'),
   (11, 11, 11, 11, 'Smartphone'),
   (12, 12, 12, 12, 'Denim Jeans'),
   (13, 13, 13, 13, 'The Great Gatsby'),
   (14, 14, 14, 14, 'Home Decor Set'),
   (15, 15, 15, 15, 'Outdoor Camping Tent'),
   (16, 16, 16, 16, 'Smartphone'),
   (17, 17, 17, 17, 'Denim Jeans'),
   (18, 18, 18, 18, 'The Great Gatsby'),
   (19, 19, 19, 19, 'Home Decor Set'),
   (20, 20, 20, 20, 'Outdoor Camping Tent'),
   (21, 21, 21, 1, 'Smartphone'),
   (22, 22, 22, 2, 'Denim Jeans'),
   (23, 23, 23, 3, 'The Great Gatsby'),
   (24, 24, 24, 4, 'Home Decor Set'),
   (25, 25, 25, 5, 'Outdoor Camping Tent'),
   (26, 26, 26, 6, 'Smartphone'),
   (27, 27, 27, 7, 'Denim Jeans'),
   (28, 28, 28, 8, 'The Great Gatsby'),
   (29, 29, 29, 9, 'Home Decor Set'),
   (30, 30, 30, 10, 'Outdoor Camping Tent'),
   (31, 31, 31, 11, 'Smartphone'),
   (32, 32, 32, 12, 'Denim Jeans'),
   (33, 33, 33, 13, 'The Great Gatsby'),
   (34, 34, 34, 14, 'Home Decor Set'),
   (35, 35, 35, 15, 'Outdoor Camping Tent'),
   (36, 36, 36, 16, 'Smartphone'),
   (37, 37, 37, 17, 'Denim Jeans'),
   (38, 38, 38, 18, 'The Great Gatsby'),
   (39, 39, 39, 19, 'Home Decor Set'),
   (40, 40, 40, 20, 'Outdoor Camping Tent'),
   (41, 41, 41, 1, 'Smartphone'),
   (42, 42, 42, 2, 'Denim Jeans'),
   (43, 43, 43, 3, 'The Great Gatsby'),
   (44, 44, 44, 4, 'Home Decor Set'),
   (45, 45, 45, 5, 'Outdoor Camping Tent'),
   (46, 46, 46, 6, 'Smartphone'),
   (47, 47, 47, 7, 'Denim Jeans'),
   (48, 48, 48, 8, 'The Great Gatsby'),
   (49, 49, 49, 9, 'Home Decor Set'),
   (50, 50, 50, 10, 'Outdoor Camping Tent'),
   (51, 51, 51, 11, 'Smartphone'),
   (52, 52, 52, 12, 'Denim Jeans'),
   (53, 53, 53, 13, 'The Great Gatsby'),
   (54, 54, 54, 14, 'Home Decor Set'),
   (55, 55, 55, 15, 'Outdoor Camping Tent'),
   (56, 56, 56, 16, 'Smartphone'),
   (57, 57, 57, 17, 'Denim Jeans'),
   (58, 58, 58, 18, 'The Great Gatsby'),
   (59, 59, 59, 19, 'Home Decor Set'),
   (60, 60, 60, 20, 'Outdoor Camping Tent'),
   (61, 61, 61, 1, 'Smartphone'),
   (62, 62, 62, 2, 'Denim Jeans'),
   (63, 63, 63, 3, 'The Great Gatsby'),
   (64, 64, 64, 4, 'Home Decor Set'),
   (65, 65, 65, 5, 'Outdoor Camping Tent'),
   (66, 66, 66, 6, 'Smartphone'),
   (67, 67, 67, 7, 'Denim Jeans'),
   (68, 68, 68, 8, 'The Great Gatsby'),
   (69, 69, 69, 9, 'Home Decor Set'),
   (70, 70, 70, 10, 'Outdoor Camping Tent'),
   (71, 71, 71, 11, 'Smartphone'),
   (72, 72, 72, 12, 'Denim Jeans'),
   (73, 73, 73, 13, 'The Great Gatsby'),
   (74, 74, 74, 14, 'Home Decor Set'),
   (75, 75, 75, 15, 'Outdoor Camping Tent'),
   (76, 76, 76, 16, 'Smartphone'),
   (77, 77, 77, 17, 'Denim Jeans'),
   (78, 78, 78, 18, 'The Great Gatsby'),
   (79, 79, 79, 19, 'Home Decor Set'),
   (80, 80, 80, 20, 'Outdoor Camping Tent'),
   (81, 81, 81, 1, 'Smartphone'),
   (82, 82, 82, 2, 'Denim Jeans'),
   (83, 83, 83, 3, 'The Great Gatsby'),
   (84, 84, 84, 4, 'Home Decor Set'),
   (85, 85, 85, 5, 'Outdoor Camping Tent'),
   (86, 86, 86, 6, 'Smartphone'),
   (87, 87, 87, 7, 'Denim Jeans'),
   (88, 88, 88, 8, 'The Great Gatsby'),
   (89, 89, 89, 9, 'Home Decor Set'),
   (90, 90, 90, 10, 'Outdoor Camping Tent'),
   (91, 91, 91, 11, 'Smartphone'),
   (92, 92, 92, 12, 'Denim Jeans'),
   (93, 93, 93, 13, 'The Great Gatsby'),
   (94, 94, 94, 14, 'Home Decor Set',
   (95, 95, 95, 15, 'Outdoor Camping Tent'),
   (96, 96, 96, 16, 'Smartphone'),
   (97, 97, 97, 17, 'Denim Jeans'),
   (98, 98, 98, 18, 'The Great Gatsby'),
   (99, 99, 99, 19, 'Home Decor Set'),
   (100, 100, 100, 20, 'Outdoor Camping Tent');









